!,consonant,click,voiceless,palato-alveolar,,,,,,,
!?,consonant,click,glottalized,voiceless,palatal-alveolar,,,,,,
!h,consonant,click,voiceless,aspirated,palatal-alveolar,,,,,,
!xh,consonant,click,velar-fricated,voiceless,aspirated,palato-alveolar,,,,,
?,consonant,plosive,glottal,,,,,,,,
??,consonant,plosive,voiced,glottal,,,,,,,
?9,consonant,plosive,pharyngealized,glottal,,,,,,,
?W,consonant,plosive,labialized,glottal,,,,,,,
{@,vowel,,,,,,,,,,
{@:,vowel,LONG,,,,,,,,,
{@.,vowel,up,,,,,,,,,
{@),vowel,rounded,,,,,,,,,
{@)S,vowel,SHORTENED,rounded,,,,,,,,
{@~,vowel,nasal,,,,,,,,,
{@S,vowel,SHORTENED,,,,,,,,,
{6,consonant,fricative,voiced,dental/alveolar,,,,,,,
{d,consonant,plosive,voiced,dental/alveolar,,,,,,,
{d*,consonant,plosive,8laryngealized,voiced,dental/alveolar,,,,,,
{d<,consonant,plosive,voiced,dental/alveolar,implosive,,,,,,
{d9,consonant,plosive,pharyngealized,voiced,dental/alveolar,,,,,,
{dh,consonant,plosive,breathy,voiced,dental/alveolar,,,,,,
{dJ,consonant,plosive,8palatalized,voiced,dental/alveolar,,,,,,
{dlF,consonant,affricate,voiced,dental/alveolar,lateral,,,,,,
{dW,consonant,plosive,labialized,voiced,dental/alveolar,,,,,,
{dz,consonant,affricate,voiced,dental/alveolar,sibilant,,,,,,
{dzh,consonant,affricate,breathy,voiced,dental/alveolar,sibilant,,,,,
{dzJ,consonant,affricate,palatalized,voiced,dental/alveolar,sibilant,,,,,
{e,vowel,front,,,,,,,,,
{e_,vowel,RETRACTED,front,,,,,,,,
{e:,vowel,LONG,front,,,,,,,,
{e*,vowel,constricted,front,,,,,,,,
{e~,vowel,nasal,front,,,,,,,,
{e~*,vowel,constricted,nasal,front,,,,,,,
{e9,vowel,raised,front,,,,,,,,
{eS,vowel,SHORTENED,front,,,,,,,,
{he,vowel,spread,front,,,,,,,,
{hl,consonant,approximant,voiceless,dental/alveolar,lateral,,,,,,
{hlF,consonant,fricative,voiceless,dental/alveolar,lateral,,,,,,
{hlF:,consonant,fricative,long,voiceless,dental/alveolar,lateral,,,,,
{hlF&,consonant,fricative,voiceless,dental/alveolar,lateral,ejective,,,,,
{hlFJ,consonant,fricative,palatalized,voiceless,dental/alveolar,lateral,,,,,
{hlFW,consonant,fricative,labialized,voiceless,dental/alveolar,lateral,,,,,
{hlFW:,consonant,fricative,long,labialized,voiceless,dental/alveolar,lateral,,,,
{hn,consonant,nasal,voiceless,dental/alveolar,,,,,,,
{ho,vowel,spread,back,rounded,,,,,,,
{hr,consonant,trill,voiceless,dental/alveolar,,,,,,,
{hrA,consonant,approximant,voiceless,dental/alveolar,,,,,,,
{hrr,consonant,R-SOUND,voiceless,dental/alveolar,,,,,,,
{hs,consonant,fricative,voiceless,preaspirated,dental/alveolar,sibilant,,,,,
{l,consonant,approximant,voiced,dental/alveolar,lateral,,,,,,
{l-,consonant,approximant,velarized,voiced,dental/alveolar,lateral,,,,,
{l[,consonant,flap,voiced,dental/alveolar,lateral,,,,,,
{l*,consonant,approximant,laryngealized,voiced,dental/alveolar,lateral,,,,,
{l9,consonant,approximant,pharyngealized,voiced,dental/alveolar,lateral,,,,,
{lF,consonant,fricative,voiced,dental/alveolar,lateral,,,,,,
{lh,consonant,approximant,breathy,voiced,dental/alveolar,lateral,,,,,
{lJ,consonant,approximant,palatalized,voiced,dental/alveolar,lateral,,,,,
{n,consonant,nasal,voiced,dental/alveolar,,,,,,,
{n:,consonant,nasal,long,voiced,dental/alveolar,,,,,,
{n*,consonant,nasal,laryngealized,voiced,dental/alveolar,,,,,,
{nd,consonant,plosive,prenasalized,voiced,dental/alveolar,,,,,,
{ndJ,consonant,plosive,prenasalized,palatalized,voiced,dental/alveolar,,,,,
{ndW,consonant,plosive,prenasalized,labialized,voiced,dental/alveolar,,,,,
{nh,consonant,nasal,breathy,voiced,dental/alveolar,,,,,,
{nJ,consonant,nasal,palatalized,voiced,dental/alveolar,,,,,,
{ns,consonant,fricative,prenasalized,voiceless,dental/alveolar,sibilant,,,,,
{nt,consonant,plosive,prenasalized,voiceless,dental/alveolar,,,,,,
{nts,consonant,affricate,prenasalized,voiceless,dental/alveolar,sibilant,,,,,
{nW,consonant,nasal,labialized,voiced,dental/alveolar,,,,,,
{nz,consonant,fricative,prenasalized,voiced,dental/alveolar,sibilant,,,,,
{o,vowel,back,rounded,,,,,,,,
{o:,vowel,LONG,back,rounded,,,,,,,
{o(,vowel,back,,,,,,,,,
{o(:,vowel,LONG,back,,,,,,,,
{o(+~,vowel,nasal,FRONTED,back,,,,,,,
{o(~,vowel,nasal,back,,,,,,,,
{o*,vowel,constricted,back,rounded,,,,,,,
{o/,vowel,front,rounded,,,,,,,,
{o/:,vowel,LONG,front,rounded,,,,,,,
{o/9,vowel,raised,front,rounded,,,,,,,
{o+,vowel,FRONTED,back,rounded,,,,,,,
{o~,vowel,nasal,back,rounded,,,,,,,
{o~*,vowel,constricted,nasal,back,rounded,,,,,,
{o9,vowel,raised,back,rounded,,,,,,,
{o9:,vowel,LONG,raised,back,rounded,,,,,,
{o9~,vowel,raised,nasal,back,rounded,,,,,,
{oS,vowel,SHORTENED,back,rounded,,,,,,,
{r,consonant,trill,voiced,dental/alveolar,,,,,,,
{r-,consonant,trill,velarized,voiced,dental/alveolar,,,,,,
{r[,consonant,flap,voiced,dental/alveolar,,,,,,,
{r[J,consonant,flap,palatalized,voiced,dental/alveolar,,,,,,
{r*,consonant,trill,laryngealized,voiced,dental/alveolar,,,,,,
{r9,consonant,trill,pharyngealized,voiced,dental/alveolar,,,,,,
{rA,consonant,approximant,voiced,dental/alveolar,,,,,,,
{rF,consonant,fricative,voiced,dental/alveolar,,trill,,,,,
{rJ,consonant,trill,palatalized,voiced,dental/alveolar,,,,,,
{rr,consonant,R-SOUND,voiced,dental/alveolar,,,,,,,
{rr*,consonant,R-SOUND,laryngealized,voiced,dental/alveolar,,,,,,
{s,consonant,fricative,voiceless,dental/alveolar,sibilant,,,,,,
{s:,consonant,fricative,long,voiceless,dental/alveolar,sibilant,,,,,
{s&,consonant,fricative,voiceless,dental/alveolar,sibilant,ejective,,,,,
{s9,consonant,fricative,pharyngealized,voiceless,dental/alveolar,sibilant,,,,,
{sh,consonant,fricative,voiceless,aspirated,dental/alveolar,sibilant,,,,,
{sJ,consonant,fricative,palatalized,voiceless,dental/alveolar,sibilant,,,,,
{sW,consonant,fricative,labialized,voiceless,dental/alveolar,sibilant,,,,,
{sW:,consonant,fricative,long,labialized,voiceless,dental/alveolar,sibilant,,,,
{t,consonant,plosive,voiceless,dental/alveolar,,,,,,,
{t-h,consonant,plosive,velarized,voiceless,aspirated,dental/alveolar,,,,,
{t:,consonant,plosive,long,voiceless,dental/alveolar,,,,,,
{t*,consonant,plosive,laryngealized,voiceless,dental/alveolar,,,,,,
{t&,consonant,plosive,voiceless,dental/alveolar,ejective,,,,,,
{t9,consonant,plosive,pharyngealized,voiceless,dental/alveolar,,,,,,
{th,consonant,plosive,voiceless,aspirated,dental/alveolar,,,,,,
{thh,consonant,plosive,voiceless,dental/alveolar,with,breathy,release,,,,
{tJ,consonant,plosive,palatalized,voiceless,dental/alveolar,,,,,,
{tJh,consonant,plosive,palatalized,voiceless,aspirated,dental/alveolar,,,,,
{tlF,consonant,affricate,voiceless,dental/alveolar,lateral,,,,,,
{tlF:,consonant,affricate,long,voiceless,dental/alveolar,lateral,,,,,
{tlF*,consonant,affricate,laryngealized,voiceless,dental/alveolar,lateral,,,,,
{tlF&,consonant,affricate,voiceless,dental/alveolar,lateral,ejective,,,,,
{tlF&:,consonant,affricate,long,voiceless,dental/alveolar,lateral,ejective,,,,
{tlFh,consonant,affricate,voiceless,aspirated,dental/alveolar,lateral,,,,,
{tlFW&,consonant,affricate,labialized,voiceless,dental/alveolar,lateral,ejective,,,,
{tlFWh,consonant,affricate,labialized,voiceless,aspirated,dental/alveolar,lateral,,,,
{ts,consonant,affricate,0voiceless,dental/alveolar,sibilant,,,,,,
{ts:,consonant,affricate,long,voiceless,dental/alveolar,sibilant,,,,,
{ts*,consonant,affricate,laryngealized,voiceless,dental/alveolar,sibilant,,,,,
{ts&,consonant,affricate,voiceless,dental/alveolar,sibilant,ejective,,,,,
{ts&:,consonant,affricate,long,voiceless,dental/alveolar,sibilant,ejective,,,,
{tsh,consonant,affricate,voiceless,aspirated,dental/alveolar,sibilant,,,,,
{tshh,consonant,affricate,voiceless,dental/alveolar,sibilant,,with,breathy,release,,
{tsJ,consonant,affricate,palatalized,voiceless,dental/alveolar,sibilant,,,,,
{tsW:,consonant,affricate,long,labialized,voiceless,dental/alveolar,sibilant,,,,
{tsW&,consonant,affricate,labialized,voiceless,dental/alveolar,sibilant,ejective,,,,
{tsWh,consonant,affricate,labialized,voiceless,aspirated,dental/alveolar,sibilant,,,,
{tW,consonant,plosive,labialized,voiceless,dental/alveolar,,,,,,
{tWh,consonant,plosive,labialized,voiceless,aspirated,dental/alveolar,,,,,
{z,consonant,fricative,voiced,dental/alveolar,sibilant,,,,,,
{z9,consonant,fricative,pharyngealized,voiced,dental/alveolar,sibilant,,,,,
{zJ,consonant,fricative,palatalized,voiced,dental/alveolar,sibilant,,,,,
{zW,consonant,fricative,labialized,voiced,dental/alveolar,sibilant,,,,,
@,vowel,atr,,,,,,,,,
@:,vowel,LONG,atr,,,,,,,,
@),vowel,atr,rounded,,,,,,,,
@)~,vowel,nasal,atr,rounded,,,,,,,
@~,vowel,nasal,atr,,,,,,,,
@~:,vowel,LONG,nasal,atr,,,,,,,
@i,diphthong,mid,central,unrounded,to,high,front,unrounded,,,
@u,diphthong,mid,central,unrounded,to,high,back,rounded,,,
@uu,diphthong,mid,central,unrounded,to,high,back,unrounded,,,
/,consonant,click,voiceless,alveolar,,,,,,,
/=,consonant,click,voiceless,palatal,,,,,,,
/=h,consonant,click,voiceless,aspirated,palatal,,,,,,
/=x,consonant,click,velar-fricated,voiceless,palatal,,,,,,
/h,consonant,click,voiceless,aspirated,alveolar,,,,,,
/s,consonant,click,voiceless,alveolar,affricated,,,,,,
/x,consonant,click,velar-fricated,voiceless,alveolar,,,,,,
/xh,consonant,click,velar-fricated,voiceless,aspirated,alveolar,,,,,
#,consonant,click,voiceless,alveolar,lateral,affricated,,,,,
#?,consonant,click,glottalized,voiceless,alveolar,lateral,affricated,,,,
#h,consonant,click,voiceless,aspirated,alveolar,lateral,affricated,,,,
#j,consonant,click,voiceless,palatal,lateral,affricated,,,,,
#jh,consonant,click,voiceless,aspirated,palatal,lateral,affricated,,,,
#jx,consonant,click,velar-fricated,voiceless,palatal,lateral,affricated,,,,
#xh,consonant,click,velar-fricated,voiceless,aspirated,alveolar,lateral,affricated,,,
^,vowel,back,,,,,,,,,
^~,vowel,nasal,back,,,,,,,,
^h,vowel,slack,spread,back,,,,,,,
|,consonant,click,voiceless,dental,affricated,,,,,,
|?,consonant,click,glottalized,voiceless,affricated,dental,,,,,
|h,consonant,click,voiceless,aspirated,dental,affricated,,,,,
|x,consonant,click,velar-fricated,voiceless,dental,affricated,,,,,
|xh,consonant,click,velarized,voiceless,aspirated,dental,affricated,,,,
0,consonant,fricative,voiceless,retroflex,,,,,,,
0_,consonant,fricative,voiceless,palato-alveolar,,,,,,,
0D,consonant,fricative,voiceless,dental,,,,,,,
3,vowel,,,,,,,,,,
3:00,vowel,LONG,,,,,,,,,
3),vowel,rounded,,,,,,,,,
3~,vowel,nasal,,,,,,,,,
3i,diphthong,lower,mid,central,unrounded,to,high,front,unrounded,,
4,vowel,low,,,,,,,,,
4_,vowel,low,back,,,,,,,,
4)_,vowel,low,back,rounded,,,,,,,
4)S,vowel,SHORTENED,low,rounded,,,,,,,
49,vowel,raised,low,,,,,,,,
4S,vowel,SHORTENED,low,,,,,,,,
6,consonant,fricative,voiced,alveolar,,,,,,,
6_,consonant,fricative,voiceless,palato-alveolar,,,,,,,
6,consonant,fricative,voiced,retroflex,,,,,,,
6D,consonant,fricative,voiced,dental,,,,,,,
6DJ,consonant,fricative,palatalized,voiced,dental,,,,,,
9,consonant,fricative,voiced,pharyngeal,,,,,,,
99,consonant,plosive,voiced,pharyngeal,,,,,,,
a,vowel,rtr,low,,,,,,,,
a_,vowel,rtr,low,back,,,,,,,
a_:,vowel,LONG,rtr,low,back,,,,,,
a_),vowel,rtr,low,back,rounded,,,,,,
a_):,vowel,LONG,rtr,low,back,rounded,,,,,
a_)~,vowel,nasal,rtr,low,back,rounded,,,,,
a_)h,vowel,slack,spread,rtr,low,back,rounded,,,,
a_)S,vowel,SHORTENED,rtr,low,back,rounded,,,,,
a_~,vowel,nasal,rtr,low,back,,,,,,
a_~:,vowel,LONG,nasal,rtr,low,back,,,,,
a_O~,diphthong,nasalized,low,back,unrounded,to,lower,mid,back,rounded,
a:,vowel,LONG,rtr,low,,,,,,,
a.,vowel,up,rtr,low,,,,,,,
a*,vowel,constricted,rtr,low,,,,,,,
a+,vowel,rtr,low,front,,,,,,,
a+:,vowel,LONG,rtr,low,front,,,,,,
a+~,vowel,nasal,rtr,low,front,,,,,,
a+i,diphthong,low,front,unrounded,to,high,front,unrounded,,,
a+i~,diphthong,nasalized,low,front,unrounded,to,high,front,unrounded,,
a~,vowel,nasal,rtr,low,,,,,,,
a~:,vowel,LONG,nasal,rtr,low,,,,,,
a~*,vowel,constricted,nasal,rtr,low,,,,,,
a9,vowel,raised,rtr,low,,,,,,,
a9:,vowel,LONG,raised,rtr,low,,,,,,
a9~,vowel,nasal,raised,rtr,low,,,,,,
a9~:,vowel,LONG,nasal,raised,rtr,low,,,,,
aa,vowel,low,front,,,,,,,,
aa:,vowel,LONG,low,front,,,,,,,
aa~,vowel,nasal,low,front,,,,,,,
aa9,vowel,raised,low,front,,,,,,,
aai,diphthong,raised,low,front,unrounded,to,high,front,unrounded,,
aau+,diphthong,raised,low,front,unrounded,to,high,central,rounded,,
aE,diphthong,low,central,unrounded,to,lower,mid,front,unrounded,,
ae,diphthong,low,central,unrounded,to,mid,front,unrounded,,,
ae9,diphthong,pharyngealized,low,central,unrounded,to,mid,front,unrounded,,
ae9~,diphthong,nasalized,pharyngealized,low,central,unrounded,to,mid,front,unrounded,
ah,vowel,slack,spread,rtr,low,,,,,,
ai,diphthong,low,central,unrounded,to,high,front,unrounded,,,
ai_,diphthong,low,central,unrounded,to,high,central,unrounded,,,
ai~,diphthong,nasalized,low,central,unrounded,to,high,front,unrounded,,
aih,diphthong,breathy,voiced,low,central,unrounded,to,high,front,unrounded,
ao,diphthong,low,central,unrounded,to,mid,back,rounded,,,
ao9,diphthong,pharyngealized,low,central,unrounded,to,mid,back,rounded,,
ao9~,diphthong,nasalized,pharyngealized,low,central,unrounded,to,mid,back,rounded,
aS,vowel,SHORTENED,rtr,low,,,,,,,
au,diphthong,low,central,unrounded,to,high,back,rounded,,,
auh,diphthong,breathy,voiced,low,central,unrounded,to,high,back,rounded,
auu,diphthong,low,central,unrounded,to,high,back,unrounded,,,
auuh,diphthong,breathy,voiced,low,central,unrounded,to,high,back,unrounded,
B,consonant,fricative,voiced,bilabial,,,,,,,
b,consonant,plosive,voiced,bilabial,,,,,,,
b:,consonant,plosive,long,voiced,bilabial,,,,,,
b*,consonant,plosive,laryngealized,voiced,bilabial,,,,,,
b&,consonant,plosive,voiced,bilabial,ejective,,,,,,
b<,consonant,plosive,voiced,bilabial,implosive,,,,,,
BA,consonant,approximant,voiced,bilabial,,,,,,,
BA-,consonant,approximant,velarized,voiced,bilabial,,,,,,
BA:,consonant,approximant,long,voiced,bilabial,,,,,,
BAJ,consonant,approximant,palatalized,voiced,bilabial,,,,,,
bD,consonant,plosive,voiced,labiodental,,,,,,,
bh,consonant,plosive,breathy,voiced,bilabial,,,,,,
BJ,consonant,fricative,palatalized,voiced,bilabial,,,,,,
bJ,consonant,plosive,palatalized,voiced,bilabial,,,,,,
bJ<,consonant,plosive,palatalized,voiced,bilabial,implosive,,,,,
bJh,consonant,plosive,palatalized,breathy,voiced,bilabial,,,,,
bm,consonant,plosive,nasally-released,voiced,bilabial,,,,,,
bv,consonant,affricate,voiced,labio-dental,,,,,,,
bW,consonant,plosive,labialized,voiced,bilabial,,,,,,
bW-,consonant,plosive,labialized,velarized,voiced,bilabial,,,,,
C,consonant,fricative,voiceless,palatal,,,,,,,
c,consonant,plosive,voiceless,palatal,,,,,,,
c:,consonant,plosive,long,voiceless,palatal,,,,,,
c&,consonant,plosive,voiceless,palatal,ejective,,,,,,
C$,consonant,fricative,voiceless,palatal,sibilant,,,,,,
C$&,consonant,fricative,voiceless,palatal,sibilant,ejective,,,,,
cC,consonant,affricate,voiceless,palatal,,,,,,,
cC$,consonant,affricate,voiceless,palatal,sibilant,,,,,,
cC$&,consonant,affricate,voiceless,palatal,sibilant,ejective,,,,,
cC$h,consonant,affricate,voiceless,aspirated,palatal,sibilant,,,,,
cCh,consonant,affricate,voiceless,aspirated,palatal,,,,,,
cCW,consonant,affricate,labialized,voiceless,palatal,,,,,,
ch,consonant,plosive,voiceless,aspirated,palatal,,,,,,
CW,consonant,fricative,labialized,voiceless,palatal,,,,,,
d,consonant,plosive,voiced,alveolar,,,,,,,
d_,consonant,plosive,voiced,palato-alveolar,,,,,,,
d_*,consonant,plosive,laryngealized,voiced,palato-alveolar,,,,,,
d_<,consonant,plosive,voiced,palato-alveolar,implosive,,,,,,
d_n,consonant,plosive,nasally-released,voiced,palato-alveolar,,,,,,
d-,consonant,plosive,velarized,voiced,alveolar,,,,,,
d.,consonant,plosive,voiced,retroflex,,,,,,,
d.*,consonant,plosive,laryngealized,voiced,retroflex,,,,,,
d.<,consonant,plosive,voiced,retroflex,implosive,,,,,,
d.h,consonant,plosive,breathy,voiced,retroflex,,,,,,
d.n,consonant,plosive,nasally-released,voiced,retroflex,,,,,,
d.r,consonant,trill,voiced,retroflex,affricated,,,,,,
d.z,consonant,affricate,voiced,retroflex,sibilant,,,,,,
d*,consonant,plosive,laryngealized,voiced,alveolar,,,,,,
d&,consonant,plosive,voiced,alveolar,ejective,,,,,,
d<,consonant,plosive,voiced,alveolar,implosive,,,,,,
dD,consonant,plosive,voiced,dental,,,,,,,
dD*,consonant,plosive,laryngealized,voiced,dental,,,,,,
dD<,consonant,plosive,voiced,dental,implosive,,,,,,
dD6,consonant,affricate,voiced,dental,,,,,,,
dD9,consonant,plosive,pharyngealized,voiced,dental,,,,,,
dDh,consonant,plosive,breathy,voiced,dental,,,,,,
dDJ,consonant,plosive,palatalized,voiced,dental,,,,,,
dDn,consonant,plosive,nasally,released,voiced,dental,,,,,
dDz,consonant,affricate,voiced,dental,sibilant,,,,,,
dJ,consonant,plosive,palatalized,voiced,alveolar,,,,,,
dj,consonant,plosive,voiced,palatal,,,,,,,
dj:,consonant,plosive,long,voiced,palatal,,,,,,
dj*,consonant,plosive,laryngealized,voiced,palatal,,,,,,
dj<,consonant,plosive,voiced,palatal,implosive,,,,,,
djjF,consonant,affricate,voiced,palatal,,,,,,,
djjFW,consonant,affricate,labialized,voiced,palatal,,,,,,
djz$,consonant,affricate,voiced,sibilant,palatal,,,,,,
dlD,consonant,plosive,voiced,prestopped,dental,lateral,approximant,,,,
dlF,consonant,affricate,voiced,alveolar,lateral,,,,,,
dn,consonant,plosive,nasally-released,voiced,alveolar,,,,,,
dz,consonant,affricate,voiced,alveolar,sibilant,,,,,,
dZ,consonant,affricate,voiced,palato-alveolar,sibilant,,,,,,
dz-,consonant,affricate,velarized,voiced,alveolar,sibilant,,,,,
dZ-,consonant,affricate,velarized,voiced,palato-alveolar,sibilant,,,,,
dz&,consonant,affricate,voiced,alveolar,sibilant,ejective,,,,,
dZ&,consonant,affricate,voiced,palato-alveolar,sibilant,ejective,,,,,
dzh,consonant,affricate,breathy,voiced,alveolar,sibilant,,,,,
dZh,consonant,affricate,breathy,voiced,palato-alveolar,sibilant,,,,,
dZJ,consonant,affricate,palatalized,voiced,palato-alveolar,sibilant,,,,,
dZW,consonant,affricate,labialized,voiced,palato-alveolar,sibilant,,,,,
e,vowel,atr,front,,,,,,,,
E,vowel,front,,,,,,,,,
e_,vowel,RETRACTED,atr,front,,,,,,,
e:,vowel,LONG,atr,front,,,,,,,
E:,vowel,LONG,front,,,,,,,,
E),vowel,front,rounded,,,,,,,,
E)~,vowel,nasal,front,rounded,,,,,,,
e@,diphthong,mid,front,unrounded,to,mid,central,unrounded,,,
E*,vowel,constricted,front,,,,,,,,
e*,vowel,constricted,front,atr,,,,,,,
e~,vowel,nasal,atr,front,,,,,,,
E~,vowel,nasal,front,,,,,,,,
e~:,vowel,LONG,nasal,atr,front,,,,,,
E~:,vowel,LONG,nasal,front,,,,,,,
ea,diphthong,mid,front,unrounded,to,low,central,unrounded,,,
eh,vowel,slack,spread,atr,front,,,,,,
Eh,vowel,slack,spread,front,,,,,,,
Ei,diphthong,lower,mid,front,unrounded,to,high,front,unrounded,,
ei,diphthong,mid,front,unrounded,to,high,front,unrounded,,,
ei~,diphthong,nasalized,mid,front,unrounded,to,high,front,unrounded,,
Eo,diphthong,lower,mid,front,unrounded,to,mid,back,rounded,,
eo,diphthong,mid,front,unrounded,to,mid,back,rounded,,,
EO~,diphthong,nasalized,lower,mid,front,unrounded,to,lower,mid,back,rounded
ES,vowel,SHORTENED,front,,,,,,,,
eu,diphthong,mid,front,unrounded,to,high,back,rounded,,,
eu~,diphthong,nasalized,mid,front,unrounded,to,high,back,rounded,,
Euu,diphthong,lower,mid,front,unrounded,to,high,back,unrounded,,
f,consonant,fricative,voiceless,labio-dental,,,,,,,
f:,consonant,fricative,long,voiceless,labio-dental,,,,,,
f&,consonant,fricative,voiceless,labio-dental,ejective,,,,,,
fJ,consonant,fricative,palatalized,voiceless,labio-dental,,,,,,
fW,consonant,fricative,labialized,voiceless,labiodental,,,,,,
G,consonant,plosive,voiced,uvular,,,,,,,
g,consonant,plosive,voiced,velar,,,,,,,
g!,consonant,click,voiced,palatal-alveolar,,,,,,,
g/,consonant,click,voiced,alveolar,,,,,,,
g/=,consonant,click,voiced,palatal,,,,,,,
g/=h,consonant,click,breathy,voiced,palatal,,,,,,
g/=x,consonant,click,velar-fricated,voiced,palatal,,,,,,
g/=x?,consonant,click,glottalized,velar-fricated,voiced,palatal,,,,,
g/h,consonant,click,breathy,voiced,alveolar,,,,,,
g/x,consonant,click,velar-fricated,voiced,alveolar,,,,,,
g/x?,consonant,click,glottalized,velar-fricated,voiced,alveolar,,,,,
g&,consonant,plosive,voiced,velar,ejective,,,,,,
g#,consonant,click,voiced,alveolar,lateral,affricated,,,,,
g#j,consonant,click,voiced,palatal,lateral,affricated,,,,,
g#jh,consonant,click,breathy,voiced,palatal,lateral,affricated,,,,
g#jx,consonant,click,velar-fricated,voiced,palatal,lateral,affricated,,,,
g#jx?,consonant,click,glottalized,velar-fricated,voiced,palatal,lateral,affricated,,,
G<,consonant,plosive,voiced,uvular,implosive,,,,,,
g<,consonant,plosive,voiced,velar,implosive,,,,,,
g|,consonant,click,voiced,dental,affricated,,,,,,
g|h,consonant,click,breathy,voiced,dental,affricated,,,,,
g|x,consonant,click,velar-fricated,voiced,dental,affricated,,,,,
g|x?,consonant,click,glottalized,velar-fricated,voiced,dental,affricated,,,,
G9,consonant,plosive,pharyngealized,voiced,uvular,,,,,,
gA,consonant,approximant,voiced,velar,,,,,,,
gA*,consonant,approximant,laryngealized,voiced,velar,,,,,,
gb,consonant,plosive,voiced,labial-velar,,,,,,,
gbW,consonant,plosive,labialized,voiced,labio-velar,,,,,,
gF,consonant,fricative,voiced,velar,,,,,,,
gF*,consonant,fricative,laryngealized,voiced,velar,,,,,,
gFJ,consonant,fricative,palatalized,voiced,velar,,,,,,
gFW,consonant,fricative,labialized,voiced,velar,,,,,,
gh,consonant,plosive,breathy,voiced,velar,,,,,,
gJ,consonant,plosive,palatalized,voiced,velar,,,,,,
gL,consonant,plosive,laterally-released,voiced,velar,,,,,,
gn,consonant,plosive,nasally-released,voiced,velar,,,,,,
GW,consonant,plosive,labialized,voiced,uvular,,,,,,
gW,consonant,plosive,labialized,voiced,velar,,,,,,
GW9,consonant,plosive,labialized,pharyngealized,voiced,uvular,,,,,
gWh,consonant,plosive,labialized,breathy,voiced,velar,,,,,
H,consonant,fricative,voiceless,pharyngeal,,,,,,,
h,consonant,spread,,,,,,,,,
h*,consonant,spread,down,,,,,,,,
h2,consonant,spread,slack,,,,,,,,
ha,vowel,spread,rtr,low,,,,,,,
hh,consonant,spread,slack,,,,,,,,
hi,vowel,spread,high,atr,front,,,,,,
hj,consonant,approximant,voiceless,palatal,,,,,,,
hJ,consonant,spread,palatalized,voiceless,,,,,,,
hk,consonant,plosive,voiceless,preaspirated,velar,,,,,,
hl,consonant,approximant,voiceless,alveolar,lateral,,,,,,
hl-,consonant,approximant,velarized,voiceless,alveolar,lateral,,,,,
hl.,consonant,approximant,voiceless,retroflex,lateral,,,,,,
hlD,consonant,approximant,voiceless,dental,lateral,,,,,,
hlDF,consonant,fricative,voiceless,dental,lateral,,,,,,
hlDF:,consonant,fricative,long,voiceless,dental,lateral,,,,,
hlDFJ,consonant,fricative,palatalized,voiceless,dental,lateral,,,,,
hlDFJ&,consonant,fricative,palatalized,voiceless,dental,lateral,ejective,,,,
hlF,consonant,fricative,voiceless,alveolar,lateral,,,,,,
hLF,consonant,fricative,voiceless,velar,lateral,,,,,,
hlFJ,consonant,fricative,palatalized,voiceless,alveolar,lateral,,,,,
hlJ,consonant,approximant,palatalized,voiceless,alveolar,lateral,,,,,
hm,consonant,nasal,voiceless,bilabial,,,,,,,
hn,consonant,nasal,voiceless,alveolar,,,,,,,
hN,consonant,nasal,voiceless,velar,,,,,,,
hn_,consonant,nasal,voiceless,palatal-alveolar,,,,,,,
hn-,consonant,nasal,velarized,voiceless,alveolar,,,,,,
hn!?,consonant,click,glottalized,nasalized,voiceless,palato-alveolar,,,,,
hn!h,consonant,click,nasalized,voiceless,aspirated,palato-alveolar,,,,,
hn.,consonant,nasal,voiceless,retroflex,,,,,,,
hn/?,consonant,click,glottalized,nasalized,voiceless,alveolar,,,,,
hn/=?,consonant,click,glottalized,nasalized,voiceless,palatal,,,,,
hn/=h,consonant,click,nasalized,voiceless,aspirated,palatal,,,,,
hn/=x?,consonant,click,glottalized,nasalized,velar-fricated,voiceless,palatal,,,,
hn/h,consonant,click,nasalized,voiceless,aspirated,alveolar,,,,,
hn/x?,consonant,click,glottalized,nasalized,velarized,voiceless,alveolar,,,,
hn#?,consonant,click,glottalized,nasalized,voiceless,alveolar,lateral,affricated,,,
hn#h,consonant,click,nasalized,voiceless,aspirated,alveolar,lateral,affricated,,,
hn#j?,consonant,click,glottalized,nasalized,voiceless,palatal,lateral,affricated,,,
hn#jh,consonant,click,nasalized,voiceless,aspirated,palatal,lateral,affricated,,,
hn#jx?,consonant,click,glottalized,nasalized,velar-fricated,voiceless,palatal,lateral,affricated,,
hn|?,consonant,click,glottalized,nasalized,voiceless,dental,affricated,,,,
hn|h,consonant,click,nasalized,voiceless,aspirated,dental,affricated,,,,
hn|x?,consonant,click,glottalized,nasalized,velar-fricated,voiceless,dental,affricated,,,
hnD,consonant,nasal,voiceless,dental,,,,,,,
hnJ,consonant,nasal,palatalized,voiceless,alveolar,,,,,,
hNJ,consonant,nasal,palatalized,voiceless,velar,,,,,,
hnj,consonant,nasal,voiceless,palatal,,,,,,,
hNm,consonant,nasal,voiceless,labial-velar,,,,,,,
hNW,consonant,nasal,labialized,voiceless,velar,,,,,,
hp,consonant,plosive,voiceless,preaspirated,bilabial,,,,,,
hr,consonant,trill,voiceless,alveolar,,,,,,,
hr[-,consonant,flap,velarized,voiceless,alveolar,,,,,,
hr[J,consonant,flap,palatalized,voiceless,alveolar,,,,,,
hS,consonant,fricative,voiceless,preaspirated,palatal-alveolar,sibilant,,,,,
ht,consonant,plosive,voiceless,preaspirated,alveolar,,,,,,
htS,consonant,affricate,voiceless,preaspirated,palato-alveolar,sibilant,,,,,
hu,vowel,spread,high,atr,back,rounded,,,,,
hw,consonant,approximant,voiceless,labial-velar,,,,,,,
hW,consonant,spread,round,,,,,,,,
hxlF,consonant,fricative,voiceless,velar-alveolar,lateral,,,,,,
I,vowel,high,front,,,,,,,,
i,vowel,high,front,atr,,,,,,,
I_,vowel,high,,,,,,,,,
i_,vowel,high,atr,,,,,,,,
i_:,vowel,LONG,high,atr,,,,,,,
i_.,vowel,up,high,,,,,,,,
i_@,diphthong,high,central,unrounded,to,mid,central,unrounded,,,
I_~,vowel,nasal,high,,,,,,,,
i_~,vowel,nasal,high,atr,,,,,,,
i_~:,vowel,LONG,nasal,high,atr,,,,,,
i_a,diphthong,high,central,unrounded,to,low,central,unrounded,,,
i_i,diphthong,high,central,unrounded,to,high,front,unrounded,,,
i_i~,diphthong,nasalized,high,central,unrounded,to,high,front,unrounded,,
i_S,vowel,SHORTENED,high,atr,,,,,,,
i-,vowel,high,front,atr,,VELAR,,,,,
i:,vowel,LONG,high,front,atr,,,,,,
i@,diphthong,high,front,unrounded,to,mid,central,unrounded,,,
i@h,diphthong,breathy,voiced,high,front,unrounded,to,mid,central,unrounded,
i*,vowel,constricted,high,atr,front,,,,,,
i^,diphthong,high,front,unrounded,to,lower,mid,back,unrounded,,
i~,vowel,nasal,high,atr,front,,,,,,
I~,vowel,nasal,high,front,,,,,,,
i~-,vowel,nasal,high,front,atr,,VELAR,,,,
i~:,vowel,LONG,nasal,high,front,atr,,,,,
i~*,vowel,constricted,nasal,high,atr,front,,,,,
i9,vowel,raised,high,atr,front,,,,,,
I9,vowel,raised,high,front,,,,,,,
i9:,vowel,LONG,raised,high,atr,front,,,,,
ia,diphthong,high,front,unrounded,to,low,central,unrounded,,,
ia+,diphthong,high,front,unrounded,to,low,front,unrounded,,,
iah,diphthong,breathy,voiced,high,front,unrounded,to,low,central,unrounded,
iE,diphthong,high,front,unrounded,to,lower,mid,front,unrounded,,
ie,diphthong,high,front,unrounded,to,mid,front,unrounded,,,
Ie,diphthong,lowered,high,front,unrounded,to,mid,front,unrounded,,
ie~,diphthong,nasalized,high,front,unrounded,to,mid,front,unrounded,,
iEh,diphthong,breathy,voiced,high,front,unrounded,to,lower,mid,front,unrounded
iF,vowel,fricative,high,front,atr,,,,,,
ih,vowel,slack,spread,high,atr,front,,,,,
io,diphthong,high,front,unrounded,to,mid,back,rounded,,,
iS,vowel,SHORTENED,high,atr,front,,,,,,
IS,vowel,SHORTENED,high,front,,,,,,,
iu,diphthong,high,front,unrounded,to,high,back,rounded,,,
iuh,diphthong,breathy,voiced,high,front,unrounded,to,high,back,rounded,
j,consonant,approximant,voiced,palatal,,,,,,,
j_,consonant,approximant,voiced,palatal-alveolar,,,,,,,
j*,consonant,approximant,laryngealized,voiced,palatal,,,,,,
j~,consonant,approximant,nasalized,voiced,palatal,,,,,,
jF,consonant,fricative,voiced,palatal,,,,,,,
k,consonant,plosive,voiceless,velar,,,,,,,
k:,consonant,plosive,long,voiceless,velar,,,,,,
k*,consonant,plosive,laryngealized,voiceless,velar,,,,,,
k&,consonant,plosive,voiceless,velar,ejective,,,,,,
k9,consonant,plosive,pharyngealized,voiceless,velar,,,,,,
kh,consonant,plosive,voiceless,aspirated,velar,,,,,,
khh,consonant,plosive,voiceless,velar,with,breathy,release,,,,
kJ,consonant,plosive,palatalized,voiceless,velar,,,,,,
kJ&,consonant,plosive,palatalized,voiceless,velar,ejective,,,,,
kJh,consonant,plosive,palatalized,voiceless,aspirated,velar,,,,,
klF,consonant,plosive,voiceless,velar,plosive,with,alveolar,lateral,fricative,release,
klF&,consonant,affricate,voiceless,velar,lateral,ejective,,,,,
kp,consonant,plosive,voiceless,labial-velar,,,,,,,
kph,consonant,plosive,voiceless,aspirated,labial-velar,,,,,,
kpW,consonant,plosive,labialized,voiceless,labio-velar,,,,,,
kW,consonant,plosive,labialized,voiceless,velar,,,,,,
kW:,consonant,plosive,long,labialized,voiceless,velar,,,,,
kW*,consonant,plosive,laryngealized,labialized,voiceless,velar,,,,,
kW&,consonant,plosive,labialized,voiceless,velar,ejective,,,,,
kWh,consonant,plosive,labialized,voiceless,aspirated,velar,,,,,
kx,consonant,affricate,voiceless,velar,,,,,,,
kx:,consonant,affricate,long,voiceless,velar,,,,,,
kx&:,consonant,affricate,long,voiceless,velar,ejective,,,,,
kxh,consonant,affricate,voiceless,aspirated,velar,,,,,,
kxWh,consonant,affricate,labialized,voiceless,aspirated,velar,,,,,
l,consonant,approximant,voiced,alveolar,lateral,,,,,,
L,consonant,approximant,voiced,velar,lateral,,,,,,
l_,consonant,approximant,voiced,palato-alveolar,lateral,,,,,,
l_h,consonant,approximant,breathy,voiced,palato-alveolar,lateral,,,,,
l-,consonant,approximant,velarized,voiced,alveolar,lateral,,,,,
l.,consonant,approximant,voiced,retroflex,lateral,,,,,,
l.[,consonant,flap,voiced,retroflex,lateral,,,,,,
l.[*,consonant,flap,laryngealized,voiced,retroflex,lateral,,,,,
l.F,consonant,fricative,voiced,retroflex,lateral,,,,,,
l[,consonant,flap,voiced,alveolar,lateral,,,,,,
l[J,consonant,flap,palatalized,voiced,alveolar,lateral,,,,,
l*,consonant,approximant,laryngealized,voiced,alveolar,lateral,,,,,
l~,consonant,approximant,nasalized,voiced,alveolar,lateral,,,,,
l9,consonant,approximant,pharyngealized,voiced,alveolar,lateral,,,,,
lD,consonant,approximant,voiced,dental,lateral,,,,,,
lD-,consonant,approximant,velarized,voiced,dental,lateral,,,,,
lD:,consonant,approximant,long,voiced,dental,lateral,,,,,
lDF,consonant,fricative,voiced,dental,lateral,,,,,,
lDFJ,consonant,fricative,palatalized,voiced,dental,lateral,,,,,
lDJ,consonant,approximant,palatalized,voiced,dental,lateral,,,,,
lF,consonant,fricative,voiced,alveolar,lateral,,,,,,
lFJ,consonant,fricative,palatalized,voiced,alveolar,lateral,,,,,
lJ,consonant,approximant,palatalized,voiced,alveolar,lateral,,,,,
lj,consonant,approximant,voiced,palatal,lateral,,,,,,
m,consonant,nasal,voiced,bilabial,,,,,,,
m:,consonant,nasal,long,voiced,bilabial,,,,,,
m*,consonant,nasal,laryngealized,voiced,bilabial,,,,,,
mb,consonant,plosive,prenasalized,voiced,bilabial,,,,,,
mbJ,consonant,plosive,prenasalized,palatalized,voiced,bilabial,,,,,
mbW,consonant,plosive,prenasalized,labialized,voiced,bilabial,,,,,
mD,consonant,nasal,voiced,labio-dental,,,,,,,
mh,consonant,nasal,breathy,voiced,bilabial,,,,,,
mJ,consonant,nasal,palatalized,voiced,bilabial,,,,,,
mp,consonant,plosive,prenasalized,voiceless,bilabial,,,,,,
mph,consonant,plosive,prenasalized,voiceless,aspirated,bilabial,,,,,
mv,consonant,fricative,prenasalized,voiced,labiodental,,,,,,
mW,consonant,nasal,labialized,voiced,bilabial,,,,,,
mW-,consonant,nasal,labialized,velarized,voiced,bilabial,,,,,
n,consonant,nasal,voiced,alveolar,,,,,,,
N,consonant,nasal,voiced,velar,,,,,,,
n_,consonant,nasal,voiced,palato-alveolar,,,,,,,
n_h,consonant,nasal,breathy,voiced,palato-alveolar,,,,,,
n-,consonant,nasal,velarized,voiced,alveolar,,,,,,
n:,consonant,nasal,long,voiced,alveolar,,,,,,
n!,consonant,click,nasalized,voiced,palato-alveolar,,,,,,
n.,consonant,nasal,voiced,retroflex,,,,,,,
n*,consonant,nasal,laryngealized,voiced,alveolar,,,,,,
N*,consonant,nasal,laryngealized,voiced,velar,,,,,,
n/,consonant,click,nasalized,voiced,alveolar,,,,,,
n/=,consonant,click,nasalized,voiced,palatal,,,,,,
n/=h,consonant,click,nasalized,breathy,voiced,palatal,,,,,
n/h,consonant,click,nasalized,breathy,voiced,alveolar,,,,,
n#,consonant,click,nasalized,voiced,alveolar,lateral,affricated,,,,
n#j,consonant,click,nasalized,voiced,palatal,lateral,affricated,,,,
n#jh,consonant,click,nasalized,breathy,voiced,palatal,lateral,affricated,,,
n|,consonant,click,nasalized,voiced,dental,affricated,,,,,
n|h,consonant,click,nasalized,breathy,voiced,dental,affricated,,,,
N9,consonant,nasal,pharyngealized,voiced,velar,,,,,,
nc,consonant,plosive,prenasalized,voiceless,palatal,,,,,,
ncC$,consonant,affricate,prenasalized,voiceless,palatal,sibilant,,,,,
nD,consonant,nasal,voiced,dental,,,,,,,
nd,consonant,plosive,prenasalized,voiced,alveolar,,,,,,
nd_,consonant,plosive,prenasalized,voiced,palato-alveolar,,,,,,
nd.,consonant,plosive,prenasalized,voiced,retroflex,,,,,,
nd.z,consonant,affricate,prenasalized,voiced,retroflex,sibilant,,,,,
nD*,consonant,nasal,laryngealized,voiced,dental,,,,,,
ndD,consonant,plosive,prenasalized,voiced,dental,,,,,,
ndDz,consonant,affricate,prenasalized,voiced,dental,sibilant,,,,,
nDh,consonant,nasal,breathy,voiced,dental,,,,,,
nDJ,consonant,nasal,palatalized,voiced,dental,,,,,,
ndJ,consonant,plosive,prenasalized,palatalized,voiced,alveolar,,,,,
ndj,consonant,plosive,prenasalized,voiced,palatal,,,,,,
ndjjF,consonant,affricate,prenasalized,voiced,palatal,,,,,,
ndjz$,consonant,affricate,prenasalized,voiced,palatal,sibilant,,,,,
ndz,consonant,affricate,prenasalized,voiced,alveolar,sibilant,,,,,
ndZ,consonant,affricate,prenasalized,voiced,palato-alveolar,sibilant,,,,,
Ng,consonant,plosive,prenasalized,voiced,velar,,,,,,
NgW,consonant,plosive,prenasalized,labialized,voiced,velar,,,,,
Nh,consonant,nasal,breathy,voiced,velar,,,,,,
nJ,consonant,nasal,palatalized,voiced,alveolar,,,,,,
NJ,consonant,nasal,palatalized,voiced,velar,,,,,,
nj,consonant,nasal,voiced,palatal,,,,,,,
nj:,consonant,nasal,long,voiced,palatal,,,,,,
nj*,consonant,nasal,laryngealized,voiced,palatal,,,,,,
njW,consonant,nasal,labialized,voiced,palatal,,,,,,
Nk,consonant,plosive,prenasalized,voiceless,velar,,,,,,
Nkh,consonant,plosive,prenasalized,voiceless,aspirated,velar,,,,,
NkJ,consonant,plosive,prenasalized,palatalized,voiceless,velar,,,,,
NkW,consonant,plosive,prenasalized,labialized,voiceless,velar,,,,,
Nm,consonant,nasal,voiced,labial-velar,,,,,,,
Nmgb,consonant,plosive,prenasalized,voiced,labial-velar,,,,,,
Nq,consonant,plosive,prenasalized,voiceless,uvular,,,,,,
Nqh,consonant,plosive,prenasalized,voiceless,aspirated,uvular,,,,,
nr,consonant,trill,prenasalized,voiced,alveolar,,,,,,
nt,consonant,plosive,prenasalized,voiceless,alveolar,,,,,,
nt_,consonant,plosive,prenasalized,voiceless,palato-alveolar,,,,,,
nt.,consonant,plosive,prenasalized,voiceless,retroflex,,,,,,
nt.s,consonant,affricate,prenasalized,voiceless,retroflex,sibilant,,,,,
nt.sh,consonant,affricate,prenasalized,voiceless,aspirated,retroflex,sibilant,,,,
ntD,consonant,plosive,prenasalized,voiceless,dental,,,,,,
ntDh,consonant,plosive,prenasalized,voiceless,aspirated,dental,,,,,
ntDs,consonant,affricate,prenasalized,voiceless,dental,sibilant,,,,,
ntDsh,consonant,affricate,prenasalized,voiceless,aspirated,dental,sibilant,,,,
ntS,consonant,affricate,prenasalized,voiceless,palato-alveolar,sibilant,,,,,
ntSh,consonant,affricate,prenasalized,voiceless,aspirated,palato-alveolar,sibilant,,,,
nU,consonant,nasal,voiced,uvular,,,,,,,
NW,consonant,nasal,labialized,voiced,velar,,,,,,
nz,consonant,fricative,prenasalized,voiced,alveolar,sibilant,,,,,
nZ,consonant,fricative,prenasalized,voiced,palato-alveolar,sibilant,,,,,
nzD,consonant,fricative,prenasalized,voiced,dental,sibilant,,,,,
o,vowel,atr,back,rounded,,,,,,,
O,vowel,back,rounded,,,,,,,,
o:,vowel,LONG,atr,back,rounded,,,,,,
O:,vowel,LONG,back,rounded,,,,,,,
o(,vowel,atr,back,,,,,,,,
o(+,vowel,FRONTED,back,atr,,,,,,,
o(h,vowel,slack,spread,atr,back,,,,,,
o(i,diphthong,higher,mid,back,unrounded,to,high,front,unrounded,,
o(ih,diphthong,breathy,voiced,higher,mid,back,unrounded,to,high,front,unrounded
O*,vowel,constricted,back,rounded,,,,,,,
o*,vowel,constricted,back,rounded,atr,,,,,,
o/,vowel,atr,front,rounded,,,,,,,
o/_,vowel,RETRACTED,atr,front,rounded,,,,,,
o/:,vowel,LONG,atr,front,rounded,,,,,,
o/S,vowel,SHORTENED,atr,front,rounded,,,,,,
o/y,diphthong,higher,mid,front,rounded,to,high,front,rounded,,
o+,vowel,FRONTED,atr,back,rounded,,,,,,
o~,vowel,nasal,atr,back,rounded,,,,,,
O~,vowel,nasal,back,rounded,,,,,,,
o~:,vowel,LONG,nasal,atr,back,rounded,,,,,
O~:,vowel,LONG,nasal,back,rounded,,,,,,
O9,vowel,raised,back,rounded,,,,,,,
O9~:,vowel,LONG,raised,nasal,back,rounded,,,,,
oa,diphthong,mid,back,rounded,to,low,central,unrounded,,,
oa~,diphthong,nasalized,mid,back,rounded,to,low,central,unrounded,,
oa9,diphthong,pharyngealized,mid,back,rounded,to,low,central,unrounded,,
oa9~,diphthong,nasalized,pharyngealized,mid,back,rounded,to,low,central,unrounded,
oe,diphthong,mid,back,rounded,to,mid,front,unrounded,,,
oh,vowel,slack,spread,atr,back,rounded,,,,,
Oh,vowel,slack,spread,back,rounded,,,,,,
Oi,diphthong,lower,mid,back,rounded,to,high,front,unrounded,,
oi,diphthong,mid,back,rounded,to,high,front,unrounded,,,
Oi~,diphthong,nasalized,lower,mid,back,rounded,to,high,front,unrounded,
oi~,diphthong,nasalized,mid,back,rounded,to,high,front,unrounded,,
oi9,diphthong,pharyngealized,mid,back,rounded,to,high,front,unrounded,,
oi9~,diphthong,nasalized,pharyngealized,mid,back,rounded,to,high,front,unrounded,
oih,diphthong,breathy,voiced,higher,mid,back,rounded,to,high,front,unrounded
Oih,diphthong,breathy,voiced,lower,mid,back,rounded,to,high,front,unrounded
oS,vowel,SHORTENED,atr,back,rounded,,,,,,
OS,vowel,SHORTENED,back,rounded,,,,,,,
ou,diphthong,mid,back,rounded,to,high,back,rounded,,,
ou~,diphthong,nasalized,mid,back,rounded,to,high,back,rounded,,
Oy,diphthong,lower,mid,back,rounded,to,high,front,rounded,,
P,consonant,fricative,voiceless,bilabial,,,,,,,
p,consonant,plosive,voiceless,bilabial,,,,,,,
p:,consonant,plosive,long,voiceless,bilabial,,,,,,
p*,consonant,plosive,laryngealized,voiceless,bilabial,,,,,,
P&,consonant,fricative,voiceless,bilabial,ejective,,,,,,
p&,consonant,plosive,voiceless,bilabial,ejective,,,,,,
p<,consonant,plosive,voiceless,bilabial,implosive,,,,,,
PA,consonant,approximant,voiceless,bilabial,,,,,,,
pf,consonant,affricate,voiceless,labio-dental,,,,,,,
pf&,consonant,affricate,voiceless,labiodental,ejective,,,,,,
pfh,consonant,affricate,voiceless,aspirated,labio-dental,,,,,,
ph,consonant,plosive,voiceless,aspirated,bilabial,,,,,,
phh,consonant,plosive,voiceless,bilabial,with,breathy,release,,,,
PJ,consonant,fricative,palatalized,voiceless,bilabial,,,,,,
pJ,consonant,plosive,palatalized,voiceless,bilabial,,,,,,
pJh,consonant,plosive,palatalized,voiceless,aspirated,bilabial,,,,,
PW,consonant,fricative,labialized,voiceless,bilabial,,,,,,
pW,consonant,plosive,labialized,voiceless,bilabial,,,,,,
PW-,consonant,fricative,labialized,velarized,voiceless,bilabial,,,,,
pW-h,consonant,plosive,labialized,velarized,voiceless,aspirated,bilabial,,,,
q,consonant,plosive,voiceless,uvular,,,,,,,
q:,consonant,plosive,long,voiceless,uvular,,,,,,
q*,consonant,plosive,laryngealized,voiceless,uvular,,,,,,
q&,consonant,plosive,voiceless,uvular,ejective,,,,,,
q<,consonant,plosive,voiceless,uvular,implosive,,,,,,
q9&,consonant,plosive,pharyngealized,voiceless,uvular,ejective,,,,,
q9h,consonant,plosive,pharyngealized,voiceless,aspirated,uvular,,,,,
qh,consonant,plosive,voiceless,aspirated,uvular,,,,,,
qW,consonant,plosive,labialized,voiceless,uvular,,,,,,
qW:,consonant,plosive,long,labialized,voiceless,uvular,,,,,
qW*,consonant,plosive,laryngealized,labialized,voiceless,uvular,,,,,
qW&,consonant,plosive,labialized,voiceless,uvular,ejective,,,,,
qW9&,consonant,plosive,labialized,pharyngealized,voiceless,uvular,ejective,,,,
qW9h,consonant,plosive,labialized,pharyngealized,voiceless,aspirated,uvular,,,,
qWh,consonant,plosive,labialized,voiceless,aspirated,uvular,,,,,
qX,consonant,affricate,voiceless,uvular,,,,,,,
qX:,consonant,affricate,long,voiceless,uvular,,,,,,
qX&,consonant,affricate,voiceless,uvular,ejective,,,,,,
qX&:,consonant,affricate,long,voiceless,uvular,ejective,,,,,
qX9,consonant,affricate,pharyngealized,voiceless,uvular,,,,,,
qX9&,consonant,affricate,pharyngealized,voiceless,uvular,ejective,,,,,
qX9&:,consonant,affricate,long,pharyngealized,voiceless,uvular,ejective,,,,
qXW,consonant,affricate,labialized,voiceless,uvular,,,,,,
qXW&,consonant,affricate,labialized,voiceless,uvular,ejective,,,,,
qXW9,consonant,affricate,labialized,pharyngealized,voiceless,uvular,,,,,
qXW9&,consonant,affricate,labialized,pharyngealized,voiceless,uvular,ejective,,,,
r,consonant,trill,voiced,alveolar,,,,,,,
R,consonant,trill,voiced,uvular,,,,,,,
r_[,consonant,flap,voiced,palato-alveolar,,,,,,,
r.,consonant,trill,voiced,retroflex,,,,,,,
r.[,consonant,flap,voiced,retroflex,,,,,,,
r.[~,consonant,flap,nasalized,voiced,retroflex,,,,,,
r.A,consonant,approximant,voiced,retroflex,,,,,,,
r[,consonant,flap,voiced,alveolar,,,,,,,
r[-,consonant,flap,velarized,voiced,alveolar,,,,,,
r[*,consonant,flap,glottalized,voiced,alveolar,,,,,,
r[F,consonant,fricative,voiced,alveolar,,flap,,,,,
r[J,consonant,flap,palatalized,voiced,alveolar,,,,,,
rA,consonant,approximant,voiced,alveolar,,,,,,,
RA,consonant,approximant,voiced,uvular,,,,,,,
RAW,consonant,approximant,labialized,voiced,uvular,,,,,,
RAW*,consonant,approximant,laryngealized,labialized,voiced,uvular,,,,,
rD,consonant,trill,voiced,dental,,,,,,,
rD[,consonant,flap,voiced,dental,,,,,,,
rDJ,consonant,trill,palatalized,voiced,dental,,,,,,
rDT,consonant,TAP,voiced,dental,,,,,,,
rDT*,consonant,TAP,laryngealized,voiced,dental,,,,,,
RF,consonant,fricative,voiced,uvular,,,,,,,
RF9,consonant,fricative,pharyngealized,voiced,uvular,,,,,,
RFW,consonant,fricative,voiced,uvular,,,,,,,
RFW9,consonant,fricative,labialized,pharyngealized,voiced,uvular,,,,,
rJ,consonant,trill,palatalized,voiced,alveolar,,,,,,
rj,consonant,trill,voiced,palatal,,,,,,,
rr,consonant,R-SOUND,voiced,alveolar,,,,,,,
rrD,consonant,R-SOUND,voiced,dental,,,,,,,
rrJ,consonant,R-SOUND,palatalized,voiced,alveolar,,,,,,
rT,consonant,TAP,voiced,alveolar,,,,,,,
s,consonant,fricative,voiceless,alveolar,sibilant,,,,,,
S,consonant,fricative,voiceless,palato-alveolar,sibilant,,,,,,
S-,consonant,fricative,velarized,voiceless,palato-alveolar,sibilant,,,,,
s:,consonant,fricative,long,voiceless,alveolar,sibilant,,,,,
S:,consonant,fricative,long,voiceless,palato-alveolar,sibilant,,,,,
s.,consonant,fricative,voiceless,retroflex,sibilant,,,,,,
s.&,consonant,fricative,voiceless,retroflex,sibilant,ejective,,,,,
s*,consonant,fricative,laryngealized,voiceless,alveolar,sibilant,,,,,
s&,consonant,fricative,voiceless,alveolar,sibilant,ejective,,,,,
S&,consonant,fricative,voiceless,palato-alveolar,sibilant,ejective,,,,,
s9,consonant,fricative,pharyngealized,voiceless,alveolar,sibilant,,,,,
sD,consonant,fricative,voiceless,dental,sibilant,,,,,,
sD*,consonant,fricative,laryngealized,voiceless,dental,sibilant,,,,,
sD&,consonant,fricative,voiceless,dental,sibilant,ejective,,,,,
sD9,consonant,fricative,pharyngealized,voiceless,dental,sibilant,,,,,
sDJ,consonant,fricative,palatalized,voiceless,dental,sibilant,,,,,
sJ,consonant,fricative,palatalized,voiceless,alveolar,sibilant,,,,,
SJ,consonant,fricative,palatalized,voiceless,palato-alveolar,sibilant,,,,,
SW,consonant,fricative,labialized,voiceless,palato-alveolar,sibilant,,,,,
SW:,consonant,fricative,long,labialized,voiceless,palato-alveolar,sibilant,,,,
t,consonant,plosive,voiceless,alveolar,,,,,,,
t_,consonant,plosive,voiceless,palato-alveolar,,,,,,,
t_h,consonant,plosive,voiceless,aspirated,palato-alveolar,,,,,,
t-,consonant,plosive,velarized,voiceless,alveolar,,,,,,
t:,consonant,plosive,long,voiceless,alveolar,,,,,,
t.,consonant,plosive,voiceless,retroflex,,,,,,,
t.*,consonant,plosive,laryngealized,voiceless,retroflex,,,,,,
t.0,consonant,affricate,voiceless,retroflex,,,,,,,
t.h,consonant,plosive,voiceless,aspirated,retroflex,,,,,,
t.r,consonant,trill,voiceless,retroflex,affricated,,,,,,
t.s,consonant,affricate,voiceless,retroflex,sibilant,,,,,,
t.s&,consonant,affricate,voiceless,retroflex,sibilant,ejective,,,,,
t.sh,consonant,affricate,voiceless,aspirated,retroflex,sibilant,,,,,
t&,consonant,plosive,voiceless,alveolar,ejective,,,,,,
t<,consonant,plosive,voiceless,alveolar,implosive,,,,,,
t0,consonant,affricate,voiceless,alveolar,,,,,,,
t0h,consonant,affricate,voiceless,aspirated,alveolar,,,,,,
tD,consonant,plosive,voiceless,dental,,,,,,,
tD*,consonant,plosive,laryngealized,voiceless,dental,,,,,,
tD&,consonant,plosive,voiceless,dental,ejective,,,,,,
tD0,consonant,affricate,voiceless,dental,,,,,,,
tD0&,consonant,affricate,voiceless,dental,ejective,,,,,,
tD0h,consonant,affricate,voiceless,aspirated,dental,,,,,,
tD9,consonant,plosive,pharyngealized,voiceless,dental,,,,,,
tDh,consonant,plosive,voiceless,aspirated,dental,,,,,,
tDhh,consonant,plosive,voiceless,dental,with,breathy,release,,,,
tDJ,consonant,plosive,palatalized,voiceless,dental,,,,,,
tDs,consonant,affricate,voiceless,dental,sibilant,,,,,,
tDs&,consonant,affricate,voiceless,dental,sibilant,ejective,,,,,
tDsh,consonant,affricate,voiceless,aspirated,dental,sibilant,,,,,
tDsJ,consonant,affricate,voiceless,palatalized,dental,sibilant,,,,,
th,consonant,plosive,voiceless,aspirated,alveolar,,,,,,
thh,consonant,plosive,voiceless,alveolar,with,breathy,release,,,,
tJ,consonant,plosive,palatalized,voiceless,alveolar,,,,,,
tlF,consonant,affricate,voiceless,alveolar,lateral,,,,,,
tlF&,consonant,affricate,voiceless,alveolar,lateral,ejective,,,,,
tlFh,consonant,affricate,voiceless,aspirated,alveolar,lateral,,,,,
ts,consonant,affricate,voiceless,alveolar,sibilant,,,,,,
tS,consonant,affricate,voiceless,palato-alveolar,sibilant,,,,,,
ts-,consonant,affricate,velarized,voiceless,alveolar,sibilant,,,,,
tS-,consonant,affricate,velarized,voiceless,palato-alveolar,sibilant,,,,,
tS:,consonant,affricate,long,voiceless,palato-alveolar,sibilant,,,,,
ts*,consonant,affricate,laryngealized,voiceless,alveolar,sibilant,,,,,
tS*,consonant,affricate,laryngealized,voiceless,palato-alveolar,sibilant,,,,,
ts&,consonant,affricate,voiceless,alveolar,sibilant,ejective,,,,,
tS&,consonant,affricate,voiceless,palato-alveolar,sibilant,ejective,,,,,
tS&:,consonant,affricate,long,voiceless,palatal-alveolar,sibilant,ejective,,,,
tsh,consonant,affricate,voiceless,aspirated,alveolar,sibilant,,,,,
tSh,consonant,affricate,voiceless,aspirated,palato-alveolar,sibilant,,,,,
tshh,consonant,affricate,voiceless,aspirated,alveolar,sibilant,with,breathy,release,,
tSJ,consonant,affricate,palatalized,voiceless,palato-alveolar,sibilant,,,,,
tSJh,consonant,affricate,palatalized,voiceless,aspirated,palato-alveolar,sibilant,,,,
tSW,consonant,affricate,labialized,voiceless,palato-alveolar,sibilant,,,,,
tSW:,consonant,affricate,long,labialized,voiceless,palato-alveolar,sibilant,,,,
tSW&,consonant,affricate,labialized,voiceless,palato-alveolar,sibilant,ejective,,,,
tSWh,consonant,affricate,labialized,voiceless,aspirated,palato-alveolar,sibilant,,,,
u,vowel,high,atr,back,rounded,,,,,,
U,vowel,high,back,rounded,,,,,,,
u:,vowel,LONG,high,atr,back,rounded,,,,,
U:,vowel,LONG,high,back,rounded,,,,,,
u@,diphthong,high,back,rounded,to,mid,central,unrounded,,,
u@h,diphthong,breathy,voiced,high,back,rounded,to,mid,central,unrounded,
u*,vowel,constricted,high,atr,back,rounded,,,,,
u^,diphthong,high,back,rounded,to,lower,mid,back,unrounded,,
u+,vowel,high,atr,rounded,,,,,,,
U+,vowel,high,central,rounded,,,,,,,
u+:,vowel,LONG,high,atr,rounded,,,,,,
u+S,vowel,SHORTENED,high,atr,rounded,,,,,,
u~,vowel,nasal,high,atr,back,rounded,,,,,
U~,vowel,nasal,high,back,rounded,,,,,,
u~:,vowel,LONG,nasal,high,atr,back,rounded,,,,
u9,vowel,raised,high,atr,back,rounded,,,,,
U9,vowel,raised,high,back,rounded,,,,,,
u9:,vowel,LONG,raised,high,atr,back,rounded,,,,
ua,diphthong,high,back,rounded,to,low,central,unrounded,,,
uah,diphthong,breathy,voiced,high,back,rounded,to,low,central,unrounded,
uF,vowel,FRICATIVE,high,atr,back,rounded,,,,,
uh,vowel,slack,spread,high,atr,back,rounded,,,,
ui,diphthong,high,back,rounded,to,high,front,unrounded,,,
Ui,diphthong,lowered,high,back,rounded,to,high,front,unrounded,,
ui~,diphthong,nasalized,high,back,rounded,to,high,front,unrounded,,
uih,diphthong,breathy,voiced,high,back,rounded,to,high,front,unrounded,
uo,diphthong,high,back,rounded,to,mid,back,rounded,,,
uS,vowel,SHORTENED,high,atr,back,rounded,,,,,
US,vowel,SHORTENED,high,back,rounded,,,,,,
uu,vowel,high,atr,back,,,,,,,
UU,vowel,high,back,,,,,,,,
uu:,vowel,LONG,high,atr,back,,,,,,
uu@,diphthong,high,back,unrounded,to,mid,central,unrounded,,,
uu@h,diphthong,breathy,voiced,high,back,unrounded,to,mid,central,unrounded,
uu^,diphthong,high,back,unrounded,to,lower,mid,back,unrounded,,
uu~,vowel,nasal,high,atr,back,,,,,,
uua,diphthong,high,back,unrounded,to,low,central,unrounded,,,
uuF,vowel,FRICATIVE,high,atr,back,drawn,,,,,
uuh,vowel,slack,spread,high,atr,back,,,,,
uui,diphthong,high,back,unrounded,to,high,front,unrounded,,,
uuih,diphthong,breathy,voiced,high,back,unrounded,to,high,front,unrounded,
UUS,vowel,SHORTENED,high,back,,,,,,,
v,consonant,fricative,voiced,labio-dental,,,,,,,
v[,consonant,flap,voiced,labio-dental,,,,,,,
vA,consonant,approximant,voiced,labio-dental,,,,,,,
vh,consonant,fricative,breathy,voiced,labiodental,,,,,,
vJ,consonant,fricative,palatalized,voiced,labio-dental,,,,,,
vW,consonant,fricative,labialized,voiced,labiodental,,,,,,
w,consonant,approximant,voiced,labial-velar,,,,,,,
w*,consonant,approximant,laryngealized,voiced,labial-velar,,,,,,
w~,consonant,approximant,nasalized,voiced,labial-velar,,,,,,
wj,consonant,approximant,voiced,labial-palatal,,,,,,,
X,consonant,fricative,voiceless,uvular,,,,,,,
x,consonant,fricative,voiceless,velar,,,,,,,
X:,consonant,fricative,long,voiceless,uvular,,,,,,
x:,consonant,fricative,long,voiceless,velar,,,,,,
X&,consonant,fricative,voiceless,uvular,ejective,,,,,,
x&,consonant,fricative,voiceless,velar,ejective,,,,,,
X9,consonant,fricative,pharyngealized,voiceless,uvular,,,,,,
X9:,consonant,fricative,long,pharyngealized,voiceless,uvular,,,,,
xJ,consonant,fricative,palatalized,voiceless,velar,,,,,,
XW,consonant,fricative,labialized,voiceless,uvular,,,,,,
xW,consonant,fricative,labialized,voiceless,velar,,,,,,
XW:,consonant,fricative,long,labialized,voiceless,uvular,,,,,
xW:,consonant,fricative,long,labialized,voiceless,velar,,,,,
XW&,consonant,fricative,labialized,voiceless,uvular,ejective,,,,,
xW&,consonant,fricative,labialized,voiceless,velar,ejective,,,,,
XW9,consonant,fricative,labialized,pharyngealized,voiceless,uvular,,,,,
XW9:,consonant,fricative,long,labialized,pharyngealized,voiceless,uvular,,,,
y,vowel,high,atr,front,rounded,,,,,,
Y,vowel,high,front,rounded,,,,,,,
y:,vowel,LONG,high,front,atr,rounded,,,,,
y~,vowel,nasal,high,atr,front,rounded,,,,,
yo/,diphthong,high,front,rounded,to,mid,front,rounded,,,
z,consonant,fricative,voiced,alveolar,sibilant,,,,,,
Z,consonant,fricative,voiced,palato-alveolar,sibilant,,,,,,
Z-,consonant,fricative,velarized,voiced,palato-alveolar,sibilant,,,,,
z.,consonant,fricative,voiced,retroflex,sibilant,,,,,,
z.*,consonant,fricative,laryngealized,voiced,retroflex,sibilant,,,,,
z$,consonant,fricative,voiced,palatal,sibilant,,,,,,
zD,consonant,fricative,voiced,dental,sibilant,,,,,,
zD9,consonant,fricative,pharyngealized,voiced,dental,sibilant,,,,,
zDJ,consonant,fricative,palatalized,voiced,sibilant,dental,,,,,
Zh,consonant,fricative,breathy,voiced,palato-alveolar,sibilant,,,,,
ZJ,consonant,fricative,palatalized,voiced,palato-alveolar,sibilant,,,,,
ZW,consonant,fricative,labialized,voiced,palatal-alveolar,sibilant,,,,,