!,consonant
!,click
!,voiceless
!,palato-alveolar
!?,consonant
!?,click
!?,glottalized
!?,voiceless
!?,palatal-alveolar
!h,consonant
!h,click
!h,voiceless
!h,aspirated
!h,palatal-alveolar
!xh,consonant
!xh,click
!xh,velar-fricated
!xh,voiceless
!xh,aspirated
!xh,palato-alveolar
?,consonant
?,plosive
?,glottal
??,consonant
??,plosive
??,voiced
??,glottal
?9,consonant
?9,plosive
?9,pharyngealized
?9,glottal
?W,consonant
?W,plosive
?W,labialized
?W,glottal
{@,vowel
{@:,vowel
{@:,LONG
{@.,vowel
{@.,up
{@),vowel
{@),rounded
{@)S,vowel
{@)S,SHORTENED
{@)S,rounded
{@~,vowel
{@~,nasal
{@S,vowel
{@S,SHORTENED
{6,consonant
{6,fricative
{6,voiced
{6,dental/alveolar
{d,consonant
{d,plosive
{d,voiced
{d,dental/alveolar
{d*,consonant
{d*,plosive
{d*,8laryngealized
{d*,voiced
{d*,dental/alveolar
{d<,consonant
{d<,plosive
{d<,voiced
{d<,dental/alveolar
{d<,implosive
{d9,consonant
{d9,plosive
{d9,pharyngealized
{d9,voiced
{d9,dental/alveolar
{dh,consonant
{dh,plosive
{dh,breathy
{dh,voiced
{dh,dental/alveolar
{dJ,consonant
{dJ,plosive
{dJ,8palatalized
{dJ,voiced
{dJ,dental/alveolar
{dlF,consonant
{dlF,affricate
{dlF,voiced
{dlF,dental/alveolar
{dlF,lateral
{dW,consonant
{dW,plosive
{dW,labialized
{dW,voiced
{dW,dental/alveolar
{dz,consonant
{dz,affricate
{dz,voiced
{dz,dental/alveolar
{dz,sibilant
{dzh,consonant
{dzh,affricate
{dzh,breathy
{dzh,voiced
{dzh,dental/alveolar
{dzh,sibilant
{dzJ,consonant
{dzJ,affricate
{dzJ,palatalized
{dzJ,voiced
{dzJ,dental/alveolar
{dzJ,sibilant
{e,vowel
{e,front
{e_,vowel
{e_,RETRACTED
{e_,front
{e:,vowel
{e:,LONG
{e:,front
{e*,vowel
{e*,constricted
{e*,front
{e~,vowel
{e~,nasal
{e~,front
{e~*,vowel
{e~*,constricted
{e~*,nasal
{e~*,front
{e9,vowel
{e9,raised
{e9,front
{eS,vowel
{eS,SHORTENED
{eS,front
{he,vowel
{he,spread
{he,front
{hl,consonant
{hl,approximant
{hl,voiceless
{hl,dental/alveolar
{hl,lateral
{hlF,consonant
{hlF,fricative
{hlF,voiceless
{hlF,dental/alveolar
{hlF,lateral
{hlF:,consonant
{hlF:,fricative
{hlF:,long
{hlF:,voiceless
{hlF:,dental/alveolar
{hlF:,lateral
{hlF&,consonant
{hlF&,fricative
{hlF&,voiceless
{hlF&,dental/alveolar
{hlF&,lateral
{hlF&,ejective
{hlFJ,consonant
{hlFJ,fricative
{hlFJ,palatalized
{hlFJ,voiceless
{hlFJ,dental/alveolar
{hlFJ,lateral
{hlFW,consonant
{hlFW,fricative
{hlFW,labialized
{hlFW,voiceless
{hlFW,dental/alveolar
{hlFW,lateral
{hlFW:,consonant
{hlFW:,fricative
{hlFW:,long
{hlFW:,labialized
{hlFW:,voiceless
{hlFW:,dental/alveolar
{hlFW:,lateral
{hn,consonant
{hn,nasal
{hn,voiceless
{hn,dental/alveolar
{ho,vowel
{ho,spread
{ho,back
{ho,rounded
{hr,consonant
{hr,trill
{hr,voiceless
{hr,dental/alveolar
{hrA,consonant
{hrA,approximant
{hrA,voiceless
{hrA,dental/alveolar
{hrr,consonant
{hrr,R-SOUND
{hrr,voiceless
{hrr,dental/alveolar
{hs,consonant
{hs,fricative
{hs,voiceless
{hs,preaspirated
{hs,dental/alveolar
{hs,sibilant
{l,consonant
{l,approximant
{l,voiced
{l,dental/alveolar
{l,lateral
{l-,consonant
{l-,approximant
{l-,velarized
{l-,voiced
{l-,dental/alveolar
{l-,lateral
{l[,consonant
{l[,flap
{l[,voiced
{l[,dental/alveolar
{l[,lateral
{l*,consonant
{l*,approximant
{l*,laryngealized
{l*,voiced
{l*,dental/alveolar
{l*,lateral
{l9,consonant
{l9,approximant
{l9,pharyngealized
{l9,voiced
{l9,dental/alveolar
{l9,lateral
{lF,consonant
{lF,fricative
{lF,voiced
{lF,dental/alveolar
{lF,lateral
{lh,consonant
{lh,approximant
{lh,breathy
{lh,voiced
{lh,dental/alveolar
{lh,lateral
{lJ,consonant
{lJ,approximant
{lJ,palatalized
{lJ,voiced
{lJ,dental/alveolar
{lJ,lateral
{n,consonant
{n,nasal
{n,voiced
{n,dental/alveolar
{n:,consonant
{n:,nasal
{n:,long
{n:,voiced
{n:,dental/alveolar
{n*,consonant
{n*,nasal
{n*,laryngealized
{n*,voiced
{n*,dental/alveolar
{nd,consonant
{nd,plosive
{nd,prenasalized
{nd,voiced
{nd,dental/alveolar
{ndJ,consonant
{ndJ,plosive
{ndJ,prenasalized
{ndJ,palatalized
{ndJ,voiced
{ndJ,dental/alveolar
{ndW,consonant
{ndW,plosive
{ndW,prenasalized
{ndW,labialized
{ndW,voiced
{ndW,dental/alveolar
{nh,consonant
{nh,nasal
{nh,breathy
{nh,voiced
{nh,dental/alveolar
{nJ,consonant
{nJ,nasal
{nJ,palatalized
{nJ,voiced
{nJ,dental/alveolar
{ns,consonant
{ns,fricative
{ns,prenasalized
{ns,voiceless
{ns,dental/alveolar
{ns,sibilant
{nt,consonant
{nt,plosive
{nt,prenasalized
{nt,voiceless
{nt,dental/alveolar
{nts,consonant
{nts,affricate
{nts,prenasalized
{nts,voiceless
{nts,dental/alveolar
{nts,sibilant
{nW,consonant
{nW,nasal
{nW,labialized
{nW,voiced
{nW,dental/alveolar
{nz,consonant
{nz,fricative
{nz,prenasalized
{nz,voiced
{nz,dental/alveolar
{nz,sibilant
{o,vowel
{o,back
{o,rounded
{o:,vowel
{o:,LONG
{o:,back
{o:,rounded
{o(,vowel
{o(,back
{o(:,vowel
{o(:,LONG
{o(:,back
{o(+~,vowel
{o(+~,nasal
{o(+~,FRONTED
{o(+~,back
{o(~,vowel
{o(~,nasal
{o(~,back
{o*,vowel
{o*,constricted
{o*,back
{o*,rounded
{o/,vowel
{o/,front
{o/,rounded
{o/:,vowel
{o/:,LONG
{o/:,front
{o/:,rounded
{o/9,vowel
{o/9,raised
{o/9,front
{o/9,rounded
{o+,vowel
{o+,FRONTED
{o+,back
{o+,rounded
{o~,vowel
{o~,nasal
{o~,back
{o~,rounded
{o~*,vowel
{o~*,constricted
{o~*,nasal
{o~*,back
{o~*,rounded
{o9,vowel
{o9,raised
{o9,back
{o9,rounded
{o9:,vowel
{o9:,LONG
{o9:,raised
{o9:,back
{o9:,rounded
{o9~,vowel
{o9~,raised
{o9~,nasal
{o9~,back
{o9~,rounded
{oS,vowel
{oS,SHORTENED
{oS,back
{oS,rounded
{r,consonant
{r,trill
{r,voiced
{r,dental/alveolar
{r-,consonant
{r-,trill
{r-,velarized
{r-,voiced
{r-,dental/alveolar
{r[,consonant
{r[,flap
{r[,voiced
{r[,dental/alveolar
{r[J,consonant
{r[J,flap
{r[J,palatalized
{r[J,voiced
{r[J,dental/alveolar
{r*,consonant
{r*,trill
{r*,laryngealized
{r*,voiced
{r*,dental/alveolar
{r9,consonant
{r9,trill
{r9,pharyngealized
{r9,voiced
{r9,dental/alveolar
{rA,consonant
{rA,approximant
{rA,voiced
{rA,dental/alveolar
{rF,consonant
{rF,fricative
{rF,voiced
{rF,dental/alveolar
{rF,trill
{rJ,consonant
{rJ,trill
{rJ,palatalized
{rJ,voiced
{rJ,dental/alveolar
{rr,consonant
{rr,R-SOUND
{rr,voiced
{rr,dental/alveolar
{rr*,consonant
{rr*,R-SOUND
{rr*,laryngealized
{rr*,voiced
{rr*,dental/alveolar
{s,consonant
{s,fricative
{s,voiceless
{s,dental/alveolar
{s,sibilant
{s:,consonant
{s:,fricative
{s:,long
{s:,voiceless
{s:,dental/alveolar
{s:,sibilant
{s&,consonant
{s&,fricative
{s&,voiceless
{s&,dental/alveolar
{s&,sibilant
{s&,ejective
{s9,consonant
{s9,fricative
{s9,pharyngealized
{s9,voiceless
{s9,dental/alveolar
{s9,sibilant
{sh,consonant
{sh,fricative
{sh,voiceless
{sh,aspirated
{sh,dental/alveolar
{sh,sibilant
{sJ,consonant
{sJ,fricative
{sJ,palatalized
{sJ,voiceless
{sJ,dental/alveolar
{sJ,sibilant
{sW,consonant
{sW,fricative
{sW,labialized
{sW,voiceless
{sW,dental/alveolar
{sW,sibilant
{sW:,consonant
{sW:,fricative
{sW:,long
{sW:,labialized
{sW:,voiceless
{sW:,dental/alveolar
{sW:,sibilant
{t,consonant
{t,plosive
{t,voiceless
{t,dental/alveolar
{t-h,consonant
{t-h,plosive
{t-h,velarized
{t-h,voiceless
{t-h,aspirated
{t-h,dental/alveolar
{t:,consonant
{t:,plosive
{t:,long
{t:,voiceless
{t:,dental/alveolar
{t*,consonant
{t*,plosive
{t*,laryngealized
{t*,voiceless
{t*,dental/alveolar
{t&,consonant
{t&,plosive
{t&,voiceless
{t&,dental/alveolar
{t&,ejective
{t9,consonant
{t9,plosive
{t9,pharyngealized
{t9,voiceless
{t9,dental/alveolar
{th,consonant
{th,plosive
{th,voiceless
{th,aspirated
{th,dental/alveolar
{thh,consonant
{thh,plosive
{thh,voiceless
{thh,dental/alveolar
{thh,with
{thh,breathy
{thh,release
{tJ,consonant
{tJ,plosive
{tJ,palatalized
{tJ,voiceless
{tJ,dental/alveolar
{tJh,consonant
{tJh,plosive
{tJh,palatalized
{tJh,voiceless
{tJh,aspirated
{tJh,dental/alveolar
{tlF,consonant
{tlF,affricate
{tlF,voiceless
{tlF,dental/alveolar
{tlF,lateral
{tlF:,consonant
{tlF:,affricate
{tlF:,long
{tlF:,voiceless
{tlF:,dental/alveolar
{tlF:,lateral
{tlF*,consonant
{tlF*,affricate
{tlF*,laryngealized
{tlF*,voiceless
{tlF*,dental/alveolar
{tlF*,lateral
{tlF&,consonant
{tlF&,affricate
{tlF&,voiceless
{tlF&,dental/alveolar
{tlF&,lateral
{tlF&,ejective
{tlF&:,consonant
{tlF&:,affricate
{tlF&:,long
{tlF&:,voiceless
{tlF&:,dental/alveolar
{tlF&:,lateral
{tlF&:,ejective
{tlFh,consonant
{tlFh,affricate
{tlFh,voiceless
{tlFh,aspirated
{tlFh,dental/alveolar
{tlFh,lateral
{tlFW&,consonant
{tlFW&,affricate
{tlFW&,labialized
{tlFW&,voiceless
{tlFW&,dental/alveolar
{tlFW&,lateral
{tlFW&,ejective
{tlFWh,consonant
{tlFWh,affricate
{tlFWh,labialized
{tlFWh,voiceless
{tlFWh,aspirated
{tlFWh,dental/alveolar
{tlFWh,lateral
{ts,consonant
{ts,affricate
{ts,0voiceless
{ts,dental/alveolar
{ts,sibilant
{ts:,consonant
{ts:,affricate
{ts:,long
{ts:,voiceless
{ts:,dental/alveolar
{ts:,sibilant
{ts*,consonant
{ts*,affricate
{ts*,laryngealized
{ts*,voiceless
{ts*,dental/alveolar
{ts*,sibilant
{ts&,consonant
{ts&,affricate
{ts&,voiceless
{ts&,dental/alveolar
{ts&,sibilant
{ts&,ejective
{ts&:,consonant
{ts&:,affricate
{ts&:,long
{ts&:,voiceless
{ts&:,dental/alveolar
{ts&:,sibilant
{ts&:,ejective
{tsh,consonant
{tsh,affricate
{tsh,voiceless
{tsh,aspirated
{tsh,dental/alveolar
{tsh,sibilant
{tshh,consonant
{tshh,affricate
{tshh,voiceless
{tshh,dental/alveolar
{tshh,sibilant
{tshh,with
{tshh,breathy
{tshh,release
{tsJ,consonant
{tsJ,affricate
{tsJ,palatalized
{tsJ,voiceless
{tsJ,dental/alveolar
{tsJ,sibilant
{tsW:,consonant
{tsW:,affricate
{tsW:,long
{tsW:,labialized
{tsW:,voiceless
{tsW:,dental/alveolar
{tsW:,sibilant
{tsW&,consonant
{tsW&,affricate
{tsW&,labialized
{tsW&,voiceless
{tsW&,dental/alveolar
{tsW&,sibilant
{tsW&,ejective
{tsWh,consonant
{tsWh,affricate
{tsWh,labialized
{tsWh,voiceless
{tsWh,aspirated
{tsWh,dental/alveolar
{tsWh,sibilant
{tW,consonant
{tW,plosive
{tW,labialized
{tW,voiceless
{tW,dental/alveolar
{tWh,consonant
{tWh,plosive
{tWh,labialized
{tWh,voiceless
{tWh,aspirated
{tWh,dental/alveolar
{z,consonant
{z,fricative
{z,voiced
{z,dental/alveolar
{z,sibilant
{z9,consonant
{z9,fricative
{z9,pharyngealized
{z9,voiced
{z9,dental/alveolar
{z9,sibilant
{zJ,consonant
{zJ,fricative
{zJ,palatalized
{zJ,voiced
{zJ,dental/alveolar
{zJ,sibilant
{zW,consonant
{zW,fricative
{zW,labialized
{zW,voiced
{zW,dental/alveolar
{zW,sibilant
@,vowel
@,atr
@:,vowel
@:,LONG
@:,atr
@),vowel
@),atr
@),rounded
@)~,vowel
@)~,nasal
@)~,atr
@)~,rounded
@~,vowel
@~,nasal
@~,atr
@~:,vowel
@~:,LONG
@~:,nasal
@~:,atr
@i,diphthong
@i,mid
@i,central
@i,unrounded
@i,to
@i,high
@i,front
@i,unrounded
@u,diphthong
@u,mid
@u,central
@u,unrounded
@u,to
@u,high
@u,back
@u,rounded
@uu,diphthong
@uu,mid
@uu,central
@uu,unrounded
@uu,to
@uu,high
@uu,back
@uu,unrounded
/,consonant
/,click
/,voiceless
/,alveolar
/=,consonant
/=,click
/=,voiceless
/=,palatal
/=h,consonant
/=h,click
/=h,voiceless
/=h,aspirated
/=h,palatal
/=x,consonant
/=x,click
/=x,velar-fricated
/=x,voiceless
/=x,palatal
/h,consonant
/h,click
/h,voiceless
/h,aspirated
/h,alveolar
/s,consonant
/s,click
/s,voiceless
/s,alveolar
/s,affricated
/x,consonant
/x,click
/x,velar-fricated
/x,voiceless
/x,alveolar
/xh,consonant
/xh,click
/xh,velar-fricated
/xh,voiceless
/xh,aspirated
/xh,alveolar
#,consonant
#,click
#,voiceless
#,alveolar
#,lateral
#,affricated
#?,consonant
#?,click
#?,glottalized
#?,voiceless
#?,alveolar
#?,lateral
#?,affricated
#h,consonant
#h,click
#h,voiceless
#h,aspirated
#h,alveolar
#h,lateral
#h,affricated
#j,consonant
#j,click
#j,voiceless
#j,palatal
#j,lateral
#j,affricated
#jh,consonant
#jh,click
#jh,voiceless
#jh,aspirated
#jh,palatal
#jh,lateral
#jh,affricated
#jx,consonant
#jx,click
#jx,velar-fricated
#jx,voiceless
#jx,palatal
#jx,lateral
#jx,affricated
#xh,consonant
#xh,click
#xh,velar-fricated
#xh,voiceless
#xh,aspirated
#xh,alveolar
#xh,lateral
#xh,affricated
^,vowel
^,back
^~,vowel
^~,nasal
^~,back
^h,vowel
^h,slack
^h,spread
^h,back
|,consonant
|,click
|,voiceless
|,dental
|,affricated
|?,consonant
|?,click
|?,glottalized
|?,voiceless
|?,affricated
|?,dental
|h,consonant
|h,click
|h,voiceless
|h,aspirated
|h,dental
|h,affricated
|x,consonant
|x,click
|x,velar-fricated
|x,voiceless
|x,dental
|x,affricated
|xh,consonant
|xh,click
|xh,velarized
|xh,voiceless
|xh,aspirated
|xh,dental
|xh,affricated
0,consonant
0,fricative
0,voiceless
0,retroflex
0_,consonant
0_,fricative
0_,voiceless
0_,palato-alveolar
0D,consonant
0D,fricative
0D,voiceless
0D,dental
3,vowel
3:00,vowel
3:00,LONG
3),vowel
3),rounded
3~,vowel
3~,nasal
3i,diphthong
3i,lower
3i,mid
3i,central
3i,unrounded
3i,to
3i,high
3i,front
3i,unrounded
4,vowel
4,low
4_,vowel
4_,low
4_,back
4)_,vowel
4)_,low
4)_,back
4)_,rounded
4)S,vowel
4)S,SHORTENED
4)S,low
4)S,rounded
49,vowel
49,raised
49,low
4S,vowel
4S,SHORTENED
4S,low
6,consonant
6,fricative
6,voiced
6,alveolar
6_,consonant
6_,fricative
6_,voiceless
6_,palato-alveolar
6,consonant
6,fricative
6,voiced
6,retroflex
6D,consonant
6D,fricative
6D,voiced
6D,dental
6DJ,consonant
6DJ,fricative
6DJ,palatalized
6DJ,voiced
6DJ,dental
9,consonant
9,fricative
9,voiced
9,pharyngeal
99,consonant
99,plosive
99,voiced
99,pharyngeal
a,vowel
a,rtr
a,low
a_,vowel
a_,rtr
a_,low
a_,back
a_:,vowel
a_:,LONG
a_:,rtr
a_:,low
a_:,back
a_),vowel
a_),rtr
a_),low
a_),back
a_),rounded
a_):,vowel
a_):,LONG
a_):,rtr
a_):,low
a_):,back
a_):,rounded
a_)~,vowel
a_)~,nasal
a_)~,rtr
a_)~,low
a_)~,back
a_)~,rounded
a_)h,vowel
a_)h,slack
a_)h,spread
a_)h,rtr
a_)h,low
a_)h,back
a_)h,rounded
a_)S,vowel
a_)S,SHORTENED
a_)S,rtr
a_)S,low
a_)S,back
a_)S,rounded
a_~,vowel
a_~,nasal
a_~,rtr
a_~,low
a_~,back
a_~:,vowel
a_~:,LONG
a_~:,nasal
a_~:,rtr
a_~:,low
a_~:,back
a_O~,diphthong
a_O~,nasalized
a_O~,low
a_O~,back
a_O~,unrounded
a_O~,to
a_O~,lower
a_O~,mid
a_O~,back
a_O~,rounded
a:,vowel
a:,LONG
a:,rtr
a:,low
a.,vowel
a.,up
a.,rtr
a.,low
a*,vowel
a*,constricted
a*,rtr
a*,low
a+,vowel
a+,rtr
a+,low
a+,front
a+:,vowel
a+:,LONG
a+:,rtr
a+:,low
a+:,front
a+~,vowel
a+~,nasal
a+~,rtr
a+~,low
a+~,front
a+i,diphthong
a+i,low
a+i,front
a+i,unrounded
a+i,to
a+i,high
a+i,front
a+i,unrounded
a+i~,diphthong
a+i~,nasalized
a+i~,low
a+i~,front
a+i~,unrounded
a+i~,to
a+i~,high
a+i~,front
a+i~,unrounded
a~,vowel
a~,nasal
a~,rtr
a~,low
a~:,vowel
a~:,LONG
a~:,nasal
a~:,rtr
a~:,low
a~*,vowel
a~*,constricted
a~*,nasal
a~*,rtr
a~*,low
a9,vowel
a9,raised
a9,rtr
a9,low
a9:,vowel
a9:,LONG
a9:,raised
a9:,rtr
a9:,low
a9~,vowel
a9~,nasal
a9~,raised
a9~,rtr
a9~,low
a9~:,vowel
a9~:,LONG
a9~:,nasal
a9~:,raised
a9~:,rtr
a9~:,low
aa,vowel
aa,low
aa,front
aa:,vowel
aa:,LONG
aa:,low
aa:,front
aa~,vowel
aa~,nasal
aa~,low
aa~,front
aa9,vowel
aa9,raised
aa9,low
aa9,front
aai,diphthong
aai,raised
aai,low
aai,front
aai,unrounded
aai,to
aai,high
aai,front
aai,unrounded
aau+,diphthong
aau+,raised
aau+,low
aau+,front
aau+,unrounded
aau+,to
aau+,high
aau+,central
aau+,rounded
aE,diphthong
aE,low
aE,central
aE,unrounded
aE,to
aE,lower
aE,mid
aE,front
aE,unrounded
ae,diphthong
ae,low
ae,central
ae,unrounded
ae,to
ae,mid
ae,front
ae,unrounded
ae9,diphthong
ae9,pharyngealized
ae9,low
ae9,central
ae9,unrounded
ae9,to
ae9,mid
ae9,front
ae9,unrounded
ae9~,diphthong
ae9~,nasalized
ae9~,pharyngealized
ae9~,low
ae9~,central
ae9~,unrounded
ae9~,to
ae9~,mid
ae9~,front
ae9~,unrounded
ah,vowel
ah,slack
ah,spread
ah,rtr
ah,low
ai,diphthong
ai,low
ai,central
ai,unrounded
ai,to
ai,high
ai,front
ai,unrounded
ai_,diphthong
ai_,low
ai_,central
ai_,unrounded
ai_,to
ai_,high
ai_,central
ai_,unrounded
ai~,diphthong
ai~,nasalized
ai~,low
ai~,central
ai~,unrounded
ai~,to
ai~,high
ai~,front
ai~,unrounded
aih,diphthong
aih,breathy
aih,voiced
aih,low
aih,central
aih,unrounded
aih,to
aih,high
aih,front
aih,unrounded
ao,diphthong
ao,low
ao,central
ao,unrounded
ao,to
ao,mid
ao,back
ao,rounded
ao9,diphthong
ao9,pharyngealized
ao9,low
ao9,central
ao9,unrounded
ao9,to
ao9,mid
ao9,back
ao9,rounded
ao9~,diphthong
ao9~,nasalized
ao9~,pharyngealized
ao9~,low
ao9~,central
ao9~,unrounded
ao9~,to
ao9~,mid
ao9~,back
ao9~,rounded
aS,vowel
aS,SHORTENED
aS,rtr
aS,low
au,diphthong
au,low
au,central
au,unrounded
au,to
au,high
au,back
au,rounded
auh,diphthong
auh,breathy
auh,voiced
auh,low
auh,central
auh,unrounded
auh,to
auh,high
auh,back
auh,rounded
auu,diphthong
auu,low
auu,central
auu,unrounded
auu,to
auu,high
auu,back
auu,unrounded
auuh,diphthong
auuh,breathy
auuh,voiced
auuh,low
auuh,central
auuh,unrounded
auuh,to
auuh,high
auuh,back
auuh,unrounded
B,consonant
B,fricative
B,voiced
B,bilabial
b,consonant
b,plosive
b,voiced
b,bilabial
b:,consonant
b:,plosive
b:,long
b:,voiced
b:,bilabial
b*,consonant
b*,plosive
b*,laryngealized
b*,voiced
b*,bilabial
b&,consonant
b&,plosive
b&,voiced
b&,bilabial
b&,ejective
b<,consonant
b<,plosive
b<,voiced
b<,bilabial
b<,implosive
BA,consonant
BA,approximant
BA,voiced
BA,bilabial
BA-,consonant
BA-,approximant
BA-,velarized
BA-,voiced
BA-,bilabial
BA:,consonant
BA:,approximant
BA:,long
BA:,voiced
BA:,bilabial
BAJ,consonant
BAJ,approximant
BAJ,palatalized
BAJ,voiced
BAJ,bilabial
bD,consonant
bD,plosive
bD,voiced
bD,labiodental
bh,consonant
bh,plosive
bh,breathy
bh,voiced
bh,bilabial
BJ,consonant
BJ,fricative
BJ,palatalized
BJ,voiced
BJ,bilabial
bJ,consonant
bJ,plosive
bJ,palatalized
bJ,voiced
bJ,bilabial
bJ<,consonant
bJ<,plosive
bJ<,palatalized
bJ<,voiced
bJ<,bilabial
bJ<,implosive
bJh,consonant
bJh,plosive
bJh,palatalized
bJh,breathy
bJh,voiced
bJh,bilabial
bm,consonant
bm,plosive
bm,nasally-released
bm,voiced
bm,bilabial
bv,consonant
bv,affricate
bv,voiced
bv,labio-dental
bW,consonant
bW,plosive
bW,labialized
bW,voiced
bW,bilabial
bW-,consonant
bW-,plosive
bW-,labialized
bW-,velarized
bW-,voiced
bW-,bilabial
C,consonant
C,fricative
C,voiceless
C,palatal
c,consonant
c,plosive
c,voiceless
c,palatal
c:,consonant
c:,plosive
c:,long
c:,voiceless
c:,palatal
c&,consonant
c&,plosive
c&,voiceless
c&,palatal
c&,ejective
C$,consonant
C$,fricative
C$,voiceless
C$,palatal
C$,sibilant
C$&,consonant
C$&,fricative
C$&,voiceless
C$&,palatal
C$&,sibilant
C$&,ejective
cC,consonant
cC,affricate
cC,voiceless
cC,palatal
cC$,consonant
cC$,affricate
cC$,voiceless
cC$,palatal
cC$,sibilant
cC$&,consonant
cC$&,affricate
cC$&,voiceless
cC$&,palatal
cC$&,sibilant
cC$&,ejective
cC$h,consonant
cC$h,affricate
cC$h,voiceless
cC$h,aspirated
cC$h,palatal
cC$h,sibilant
cCh,consonant
cCh,affricate
cCh,voiceless
cCh,aspirated
cCh,palatal
cCW,consonant
cCW,affricate
cCW,labialized
cCW,voiceless
cCW,palatal
ch,consonant
ch,plosive
ch,voiceless
ch,aspirated
ch,palatal
CW,consonant
CW,fricative
CW,labialized
CW,voiceless
CW,palatal
d,consonant
d,plosive
d,voiced
d,alveolar
d_,consonant
d_,plosive
d_,voiced
d_,palato-alveolar
d_*,consonant
d_*,plosive
d_*,laryngealized
d_*,voiced
d_*,palato-alveolar
d_<,consonant
d_<,plosive
d_<,voiced
d_<,palato-alveolar
d_<,implosive
d_n,consonant
d_n,plosive
d_n,nasally-released
d_n,voiced
d_n,palato-alveolar
d-,consonant
d-,plosive
d-,velarized
d-,voiced
d-,alveolar
d.,consonant
d.,plosive
d.,voiced
d.,retroflex
d.*,consonant
d.*,plosive
d.*,laryngealized
d.*,voiced
d.*,retroflex
d.<,consonant
d.<,plosive
d.<,voiced
d.<,retroflex
d.<,implosive
d.h,consonant
d.h,plosive
d.h,breathy
d.h,voiced
d.h,retroflex
d.n,consonant
d.n,plosive
d.n,nasally-released
d.n,voiced
d.n,retroflex
d.r,consonant
d.r,trill
d.r,voiced
d.r,retroflex
d.r,affricated
d.z,consonant
d.z,affricate
d.z,voiced
d.z,retroflex
d.z,sibilant
d*,consonant
d*,plosive
d*,laryngealized
d*,voiced
d*,alveolar
d&,consonant
d&,plosive
d&,voiced
d&,alveolar
d&,ejective
d<,consonant
d<,plosive
d<,voiced
d<,alveolar
d<,implosive
dD,consonant
dD,plosive
dD,voiced
dD,dental
dD*,consonant
dD*,plosive
dD*,laryngealized
dD*,voiced
dD*,dental
dD<,consonant
dD<,plosive
dD<,voiced
dD<,dental
dD<,implosive
dD6,consonant
dD6,affricate
dD6,voiced
dD6,dental
dD9,consonant
dD9,plosive
dD9,pharyngealized
dD9,voiced
dD9,dental
dDh,consonant
dDh,plosive
dDh,breathy
dDh,voiced
dDh,dental
dDJ,consonant
dDJ,plosive
dDJ,palatalized
dDJ,voiced
dDJ,dental
dDn,consonant
dDn,plosive
dDn,nasally
dDn,released
dDn,voiced
dDn,dental
dDz,consonant
dDz,affricate
dDz,voiced
dDz,dental
dDz,sibilant
dJ,consonant
dJ,plosive
dJ,palatalized
dJ,voiced
dJ,alveolar
dj,consonant
dj,plosive
dj,voiced
dj,palatal
dj:,consonant
dj:,plosive
dj:,long
dj:,voiced
dj:,palatal
dj*,consonant
dj*,plosive
dj*,laryngealized
dj*,voiced
dj*,palatal
dj<,consonant
dj<,plosive
dj<,voiced
dj<,palatal
dj<,implosive
djjF,consonant
djjF,affricate
djjF,voiced
djjF,palatal
djjFW,consonant
djjFW,affricate
djjFW,labialized
djjFW,voiced
djjFW,palatal
djz$,consonant
djz$,affricate
djz$,voiced
djz$,sibilant
djz$,palatal
dlD,consonant
dlD,plosive
dlD,voiced
dlD,prestopped
dlD,dental
dlD,lateral
dlD,approximant
dlF,consonant
dlF,affricate
dlF,voiced
dlF,alveolar
dlF,lateral
dn,consonant
dn,plosive
dn,nasally-released
dn,voiced
dn,alveolar
dz,consonant
dz,affricate
dz,voiced
dz,alveolar
dz,sibilant
dZ,consonant
dZ,affricate
dZ,voiced
dZ,palato-alveolar
dZ,sibilant
dz-,consonant
dz-,affricate
dz-,velarized
dz-,voiced
dz-,alveolar
dz-,sibilant
dZ-,consonant
dZ-,affricate
dZ-,velarized
dZ-,voiced
dZ-,palato-alveolar
dZ-,sibilant
dz&,consonant
dz&,affricate
dz&,voiced
dz&,alveolar
dz&,sibilant
dz&,ejective
dZ&,consonant
dZ&,affricate
dZ&,voiced
dZ&,palato-alveolar
dZ&,sibilant
dZ&,ejective
dzh,consonant
dzh,affricate
dzh,breathy
dzh,voiced
dzh,alveolar
dzh,sibilant
dZh,consonant
dZh,affricate
dZh,breathy
dZh,voiced
dZh,palato-alveolar
dZh,sibilant
dZJ,consonant
dZJ,affricate
dZJ,palatalized
dZJ,voiced
dZJ,palato-alveolar
dZJ,sibilant
dZW,consonant
dZW,affricate
dZW,labialized
dZW,voiced
dZW,palato-alveolar
dZW,sibilant
e,vowel
e,atr
e,front
E,vowel
E,front
e_,vowel
e_,RETRACTED
e_,atr
e_,front
e:,vowel
e:,LONG
e:,atr
e:,front
E:,vowel
E:,LONG
E:,front
E),vowel
E),front
E),rounded
E)~,vowel
E)~,nasal
E)~,front
E)~,rounded
e@,diphthong
e@,mid
e@,front
e@,unrounded
e@,to
e@,mid
e@,central
e@,unrounded
E*,vowel
E*,constricted
E*,front
e*,vowel
e*,constricted
e*,front
e*,atr
e~,vowel
e~,nasal
e~,atr
e~,front
E~,vowel
E~,nasal
E~,front
e~:,vowel
e~:,LONG
e~:,nasal
e~:,atr
e~:,front
E~:,vowel
E~:,LONG
E~:,nasal
E~:,front
ea,diphthong
ea,mid
ea,front
ea,unrounded
ea,to
ea,low
ea,central
ea,unrounded
eh,vowel
eh,slack
eh,spread
eh,atr
eh,front
Eh,vowel
Eh,slack
Eh,spread
Eh,front
Ei,diphthong
Ei,lower
Ei,mid
Ei,front
Ei,unrounded
Ei,to
Ei,high
Ei,front
Ei,unrounded
ei,diphthong
ei,mid
ei,front
ei,unrounded
ei,to
ei,high
ei,front
ei,unrounded
ei~,diphthong
ei~,nasalized
ei~,mid
ei~,front
ei~,unrounded
ei~,to
ei~,high
ei~,front
ei~,unrounded
Eo,diphthong
Eo,lower
Eo,mid
Eo,front
Eo,unrounded
Eo,to
Eo,mid
Eo,back
Eo,rounded
eo,diphthong
eo,mid
eo,front
eo,unrounded
eo,to
eo,mid
eo,back
eo,rounded
EO~,diphthong
EO~,nasalized
EO~,lower
EO~,mid
EO~,front
EO~,unrounded
EO~,to
EO~,lower
EO~,mid
EO~,back
EO~,rounded
ES,vowel
ES,SHORTENED
ES,front
eu,diphthong
eu,mid
eu,front
eu,unrounded
eu,to
eu,high
eu,back
eu,rounded
eu~,diphthong
eu~,nasalized
eu~,mid
eu~,front
eu~,unrounded
eu~,to
eu~,high
eu~,back
eu~,rounded
Euu,diphthong
Euu,lower
Euu,mid
Euu,front
Euu,unrounded
Euu,to
Euu,high
Euu,back
Euu,unrounded
f,consonant
f,fricative
f,voiceless
f,labio-dental
f:,consonant
f:,fricative
f:,long
f:,voiceless
f:,labio-dental
f&,consonant
f&,fricative
f&,voiceless
f&,labio-dental
f&,ejective
fJ,consonant
fJ,fricative
fJ,palatalized
fJ,voiceless
fJ,labio-dental
fW,consonant
fW,fricative
fW,labialized
fW,voiceless
fW,labiodental
G,consonant
G,plosive
G,voiced
G,uvular
g,consonant
g,plosive
g,voiced
g,velar
g!,consonant
g!,click
g!,voiced
g!,palatal-alveolar
g/,consonant
g/,click
g/,voiced
g/,alveolar
g/=,consonant
g/=,click
g/=,voiced
g/=,palatal
g/=h,consonant
g/=h,click
g/=h,breathy
g/=h,voiced
g/=h,palatal
g/=x,consonant
g/=x,click
g/=x,velar-fricated
g/=x,voiced
g/=x,palatal
g/=x?,consonant
g/=x?,click
g/=x?,glottalized
g/=x?,velar-fricated
g/=x?,voiced
g/=x?,palatal
g/h,consonant
g/h,click
g/h,breathy
g/h,voiced
g/h,alveolar
g/x,consonant
g/x,click
g/x,velar-fricated
g/x,voiced
g/x,alveolar
g/x?,consonant
g/x?,click
g/x?,glottalized
g/x?,velar-fricated
g/x?,voiced
g/x?,alveolar
g&,consonant
g&,plosive
g&,voiced
g&,velar
g&,ejective
g#,consonant
g#,click
g#,voiced
g#,alveolar
g#,lateral
g#,affricated
g#j,consonant
g#j,click
g#j,voiced
g#j,palatal
g#j,lateral
g#j,affricated
g#jh,consonant
g#jh,click
g#jh,breathy
g#jh,voiced
g#jh,palatal
g#jh,lateral
g#jh,affricated
g#jx,consonant
g#jx,click
g#jx,velar-fricated
g#jx,voiced
g#jx,palatal
g#jx,lateral
g#jx,affricated
g#jx?,consonant
g#jx?,click
g#jx?,glottalized
g#jx?,velar-fricated
g#jx?,voiced
g#jx?,palatal
g#jx?,lateral
g#jx?,affricated
G<,consonant
G<,plosive
G<,voiced
G<,uvular
G<,implosive
g<,consonant
g<,plosive
g<,voiced
g<,velar
g<,implosive
g|,consonant
g|,click
g|,voiced
g|,dental
g|,affricated
g|h,consonant
g|h,click
g|h,breathy
g|h,voiced
g|h,dental
g|h,affricated
g|x,consonant
g|x,click
g|x,velar-fricated
g|x,voiced
g|x,dental
g|x,affricated
g|x?,consonant
g|x?,click
g|x?,glottalized
g|x?,velar-fricated
g|x?,voiced
g|x?,dental
g|x?,affricated
G9,consonant
G9,plosive
G9,pharyngealized
G9,voiced
G9,uvular
gA,consonant
gA,approximant
gA,voiced
gA,velar
gA*,consonant
gA*,approximant
gA*,laryngealized
gA*,voiced
gA*,velar
gb,consonant
gb,plosive
gb,voiced
gb,labial-velar
gbW,consonant
gbW,plosive
gbW,labialized
gbW,voiced
gbW,labio-velar
gF,consonant
gF,fricative
gF,voiced
gF,velar
gF*,consonant
gF*,fricative
gF*,laryngealized
gF*,voiced
gF*,velar
gFJ,consonant
gFJ,fricative
gFJ,palatalized
gFJ,voiced
gFJ,velar
gFW,consonant
gFW,fricative
gFW,labialized
gFW,voiced
gFW,velar
gh,consonant
gh,plosive
gh,breathy
gh,voiced
gh,velar
gJ,consonant
gJ,plosive
gJ,palatalized
gJ,voiced
gJ,velar
gL,consonant
gL,plosive
gL,laterally-released
gL,voiced
gL,velar
gn,consonant
gn,plosive
gn,nasally-released
gn,voiced
gn,velar
GW,consonant
GW,plosive
GW,labialized
GW,voiced
GW,uvular
gW,consonant
gW,plosive
gW,labialized
gW,voiced
gW,velar
GW9,consonant
GW9,plosive
GW9,labialized
GW9,pharyngealized
GW9,voiced
GW9,uvular
gWh,consonant
gWh,plosive
gWh,labialized
gWh,breathy
gWh,voiced
gWh,velar
H,consonant
H,fricative
H,voiceless
H,pharyngeal
h,consonant
h,spread
h*,consonant
h*,spread
h*,down
h2,consonant
h2,spread
h2,slack
ha,vowel
ha,spread
ha,rtr
ha,low
hh,consonant
hh,spread
hh,slack
hi,vowel
hi,spread
hi,high
hi,atr
hi,front
hj,consonant
hj,approximant
hj,voiceless
hj,palatal
hJ,consonant
hJ,spread
hJ,palatalized
hk,consonant
hk,plosive
hk,voiceless
hk,preaspirated
hk,velar
hl,consonant
hl,approximant
hl,voiceless
hl,alveolar
hl,lateral
hl-,consonant
hl-,approximant
hl-,velarized
hl-,voiceless
hl-,alveolar
hl-,lateral
hl.,consonant
hl.,approximant
hl.,voiceless
hl.,retroflex
hl.,lateral
hlD,consonant
hlD,approximant
hlD,voiceless
hlD,dental
hlD,lateral
hlDF,consonant
hlDF,fricative
hlDF,voiceless
hlDF,dental
hlDF,lateral
hlDF:,consonant
hlDF:,fricative
hlDF:,long
hlDF:,voiceless
hlDF:,dental
hlDF:,lateral
hlDFJ,consonant
hlDFJ,fricative
hlDFJ,palatalized
hlDFJ,voiceless
hlDFJ,dental
hlDFJ,lateral
hlDFJ&,consonant
hlDFJ&,fricative
hlDFJ&,palatalized
hlDFJ&,voiceless
hlDFJ&,dental
hlDFJ&,lateral
hlDFJ&,ejective
hlF,consonant
hlF,fricative
hlF,voiceless
hlF,alveolar
hlF,lateral
hLF,consonant
hLF,fricative
hLF,voiceless
hLF,velar
hLF,lateral
hlFJ,consonant
hlFJ,fricative
hlFJ,palatalized
hlFJ,voiceless
hlFJ,alveolar
hlFJ,lateral
hlJ,consonant
hlJ,approximant
hlJ,palatalized
hlJ,voiceless
hlJ,alveolar
hlJ,lateral
hm,consonant
hm,nasal
hm,voiceless
hm,bilabial
hn,consonant
hn,nasal
hn,voiceless
hn,alveolar
hN,consonant
hN,nasal
hN,voiceless
hN,velar
hn_,consonant
hn_,nasal
hn_,voiceless
hn_,palatal-alveolar
hn-,consonant
hn-,nasal
hn-,velarized
hn-,voiceless
hn-,alveolar
hn!?,consonant
hn!?,click
hn!?,glottalized
hn!?,nasalized
hn!?,voiceless
hn!?,palato-alveolar
hn!h,consonant
hn!h,click
hn!h,nasalized
hn!h,voiceless
hn!h,aspirated
hn!h,palato-alveolar
hn.,consonant
hn.,nasal
hn.,voiceless
hn.,retroflex
hn/?,consonant
hn/?,click
hn/?,glottalized
hn/?,nasalized
hn/?,voiceless
hn/?,alveolar
hn/=?,consonant
hn/=?,click
hn/=?,glottalized
hn/=?,nasalized
hn/=?,voiceless
hn/=?,palatal
hn/=h,consonant
hn/=h,click
hn/=h,nasalized
hn/=h,voiceless
hn/=h,aspirated
hn/=h,palatal
hn/=x?,consonant
hn/=x?,click
hn/=x?,glottalized
hn/=x?,nasalized
hn/=x?,velar-fricated
hn/=x?,voiceless
hn/=x?,palatal
hn/h,consonant
hn/h,click
hn/h,nasalized
hn/h,voiceless
hn/h,aspirated
hn/h,alveolar
hn/x?,consonant
hn/x?,click
hn/x?,glottalized
hn/x?,nasalized
hn/x?,velarized
hn/x?,voiceless
hn/x?,alveolar
hn#?,consonant
hn#?,click
hn#?,glottalized
hn#?,nasalized
hn#?,voiceless
hn#?,alveolar
hn#?,lateral
hn#?,affricated
hn#h,consonant
hn#h,click
hn#h,nasalized
hn#h,voiceless
hn#h,aspirated
hn#h,alveolar
hn#h,lateral
hn#h,affricated
hn#j?,consonant
hn#j?,click
hn#j?,glottalized
hn#j?,nasalized
hn#j?,voiceless
hn#j?,palatal
hn#j?,lateral
hn#j?,affricated
hn#jh,consonant
hn#jh,click
hn#jh,nasalized
hn#jh,voiceless
hn#jh,aspirated
hn#jh,palatal
hn#jh,lateral
hn#jh,affricated
hn#jx?,consonant
hn#jx?,click
hn#jx?,glottalized
hn#jx?,nasalized
hn#jx?,velar-fricated
hn#jx?,voiceless
hn#jx?,palatal
hn#jx?,lateral
hn#jx?,affricated
hn|?,consonant
hn|?,click
hn|?,glottalized
hn|?,nasalized
hn|?,voiceless
hn|?,dental
hn|?,affricated
hn|h,consonant
hn|h,click
hn|h,nasalized
hn|h,voiceless
hn|h,aspirated
hn|h,dental
hn|h,affricated
hn|x?,consonant
hn|x?,click
hn|x?,glottalized
hn|x?,nasalized
hn|x?,velar-fricated
hn|x?,voiceless
hn|x?,dental
hn|x?,affricated
hnD,consonant
hnD,nasal
hnD,voiceless
hnD,dental
hnJ,consonant
hnJ,nasal
hnJ,palatalized
hnJ,voiceless
hnJ,alveolar
hNJ,consonant
hNJ,nasal
hNJ,palatalized
hNJ,voiceless
hNJ,velar
hnj,consonant
hnj,nasal
hnj,voiceless
hnj,palatal
hNm,consonant
hNm,nasal
hNm,voiceless
hNm,labial-velar
hNW,consonant
hNW,nasal
hNW,labialized
hNW,voiceless
hNW,velar
hp,consonant
hp,plosive
hp,voiceless
hp,preaspirated
hp,bilabial
hr,consonant
hr,trill
hr,voiceless
hr,alveolar
hr[-,consonant
hr[-,flap
hr[-,velarized
hr[-,voiceless
hr[-,alveolar
hr[J,consonant
hr[J,flap
hr[J,palatalized
hr[J,voiceless
hr[J,alveolar
hS,consonant
hS,fricative
hS,voiceless
hS,preaspirated
hS,palatal-alveolar
hS,sibilant
ht,consonant
ht,plosive
ht,voiceless
ht,preaspirated
ht,alveolar
htS,consonant
htS,affricate
htS,voiceless
htS,preaspirated
htS,palato-alveolar
htS,sibilant
hu,vowel
hu,spread
hu,high
hu,atr
hu,back
hu,rounded
hw,consonant
hw,approximant
hw,voiceless
hw,labial-velar
hW,consonant
hW,spread
hW,round
hxlF,consonant
hxlF,fricative
hxlF,voiceless
hxlF,velar-alveolar
hxlF,lateral
I,vowel
I,high
I,front
i,vowel
i,high
i,front
i,atr
I_,vowel
I_,high
i_,vowel
i_,high
i_,atr
i_:,vowel
i_:,LONG
i_:,high
i_:,atr
i_.,vowel
i_.,up
i_.,high
i_@,diphthong
i_@,high
i_@,central
i_@,unrounded
i_@,to
i_@,mid
i_@,central
i_@,unrounded
I_~,vowel
I_~,nasal
I_~,high
i_~,vowel
i_~,nasal
i_~,high
i_~,atr
i_~:,vowel
i_~:,LONG
i_~:,nasal
i_~:,high
i_~:,atr
i_a,diphthong
i_a,high
i_a,central
i_a,unrounded
i_a,to
i_a,low
i_a,central
i_a,unrounded
i_i,diphthong
i_i,high
i_i,central
i_i,unrounded
i_i,to
i_i,high
i_i,front
i_i,unrounded
i_i~,diphthong
i_i~,nasalized
i_i~,high
i_i~,central
i_i~,unrounded
i_i~,to
i_i~,high
i_i~,front
i_i~,unrounded
i_S,vowel
i_S,SHORTENED
i_S,high
i_S,atr
i-,vowel
i-,high
i-,front
i-,atr
i-,VELAR
i:,vowel
i:,LONG
i:,high
i:,front
i:,atr
i@,diphthong
i@,high
i@,front
i@,unrounded
i@,to
i@,mid
i@,central
i@,unrounded
i@h,diphthong
i@h,breathy
i@h,voiced
i@h,high
i@h,front
i@h,unrounded
i@h,to
i@h,mid
i@h,central
i@h,unrounded
i*,vowel
i*,constricted
i*,high
i*,atr
i*,front
i^,diphthong
i^,high
i^,front
i^,unrounded
i^,to
i^,lower
i^,mid
i^,back
i^,unrounded
i~,vowel
i~,nasal
i~,high
i~,atr
i~,front
I~,vowel
I~,nasal
I~,high
I~,front
i~-,vowel
i~-,nasal
i~-,high
i~-,front
i~-,atr
i~-,VELAR
i~:,vowel
i~:,LONG
i~:,nasal
i~:,high
i~:,front
i~:,atr
i~*,vowel
i~*,constricted
i~*,nasal
i~*,high
i~*,atr
i~*,front
i9,vowel
i9,raised
i9,high
i9,atr
i9,front
I9,vowel
I9,raised
I9,high
I9,front
i9:,vowel
i9:,LONG
i9:,raised
i9:,high
i9:,atr
i9:,front
ia,diphthong
ia,high
ia,front
ia,unrounded
ia,to
ia,low
ia,central
ia,unrounded
ia+,diphthong
ia+,high
ia+,front
ia+,unrounded
ia+,to
ia+,low
ia+,front
ia+,unrounded
iah,diphthong
iah,breathy
iah,voiced
iah,high
iah,front
iah,unrounded
iah,to
iah,low
iah,central
iah,unrounded
iE,diphthong
iE,high
iE,front
iE,unrounded
iE,to
iE,lower
iE,mid
iE,front
iE,unrounded
ie,diphthong
ie,high
ie,front
ie,unrounded
ie,to
ie,mid
ie,front
ie,unrounded
Ie,diphthong
Ie,lowered
Ie,high
Ie,front
Ie,unrounded
Ie,to
Ie,mid
Ie,front
Ie,unrounded
ie~,diphthong
ie~,nasalized
ie~,high
ie~,front
ie~,unrounded
ie~,to
ie~,mid
ie~,front
ie~,unrounded
iEh,diphthong
iEh,breathy
iEh,voiced
iEh,high
iEh,front
iEh,unrounded
iEh,to
iEh,lower
iEh,mid
iEh,front
iEh,unrounded
iF,vowel
iF,fricative
iF,high
iF,front
iF,atr
ih,vowel
ih,slack
ih,spread
ih,high
ih,atr
ih,front
io,diphthong
io,high
io,front
io,unrounded
io,to
io,mid
io,back
io,rounded
iS,vowel
iS,SHORTENED
iS,high
iS,atr
iS,front
IS,vowel
IS,SHORTENED
IS,high
IS,front
iu,diphthong
iu,high
iu,front
iu,unrounded
iu,to
iu,high
iu,back
iu,rounded
iuh,diphthong
iuh,breathy
iuh,voiced
iuh,high
iuh,front
iuh,unrounded
iuh,to
iuh,high
iuh,back
iuh,rounded
j,consonant
j,approximant
j,voiced
j,palatal
j_,consonant
j_,approximant
j_,voiced
j_,palatal-alveolar
j*,consonant
j*,approximant
j*,laryngealized
j*,voiced
j*,palatal
j~,consonant
j~,approximant
j~,nasalized
j~,voiced
j~,palatal
jF,consonant
jF,fricative
jF,voiced
jF,palatal
k,consonant
k,plosive
k,voiceless
k,velar
k:,consonant
k:,plosive
k:,long
k:,voiceless
k:,velar
k*,consonant
k*,plosive
k*,laryngealized
k*,voiceless
k*,velar
k&,consonant
k&,plosive
k&,voiceless
k&,velar
k&,ejective
k9,consonant
k9,plosive
k9,pharyngealized
k9,voiceless
k9,velar
kh,consonant
kh,plosive
kh,voiceless
kh,aspirated
kh,velar
khh,consonant
khh,plosive
khh,voiceless
khh,velar
khh,with
khh,breathy
khh,release
kJ,consonant
kJ,plosive
kJ,palatalized
kJ,voiceless
kJ,velar
kJ&,consonant
kJ&,plosive
kJ&,palatalized
kJ&,voiceless
kJ&,velar
kJ&,ejective
kJh,consonant
kJh,plosive
kJh,palatalized
kJh,voiceless
kJh,aspirated
kJh,velar
klF,consonant
klF,plosive
klF,voiceless
klF,velar
klF,plosive
klF,with
klF,alveolar
klF,lateral
klF,fricative
klF,release
klF&,consonant
klF&,affricate
klF&,voiceless
klF&,velar
klF&,lateral
klF&,ejective
kp,consonant
kp,plosive
kp,voiceless
kp,labial-velar
kph,consonant
kph,plosive
kph,voiceless
kph,aspirated
kph,labial-velar
kpW,consonant
kpW,plosive
kpW,labialized
kpW,voiceless
kpW,labio-velar
kW,consonant
kW,plosive
kW,labialized
kW,voiceless
kW,velar
kW:,consonant
kW:,plosive
kW:,long
kW:,labialized
kW:,voiceless
kW:,velar
kW*,consonant
kW*,plosive
kW*,laryngealized
kW*,labialized
kW*,voiceless
kW*,velar
kW&,consonant
kW&,plosive
kW&,labialized
kW&,voiceless
kW&,velar
kW&,ejective
kWh,consonant
kWh,plosive
kWh,labialized
kWh,voiceless
kWh,aspirated
kWh,velar
kx,consonant
kx,affricate
kx,voiceless
kx,velar
kx:,consonant
kx:,affricate
kx:,long
kx:,voiceless
kx:,velar
kx&:,consonant
kx&:,affricate
kx&:,long
kx&:,voiceless
kx&:,velar
kx&:,ejective
kxh,consonant
kxh,affricate
kxh,voiceless
kxh,aspirated
kxh,velar
kxWh,consonant
kxWh,affricate
kxWh,labialized
kxWh,voiceless
kxWh,aspirated
kxWh,velar
l,consonant
l,approximant
l,voiced
l,alveolar
l,lateral
L,consonant
L,approximant
L,voiced
L,velar
L,lateral
l_,consonant
l_,approximant
l_,voiced
l_,palato-alveolar
l_,lateral
l_h,consonant
l_h,approximant
l_h,breathy
l_h,voiced
l_h,palato-alveolar
l_h,lateral
l-,consonant
l-,approximant
l-,velarized
l-,voiced
l-,alveolar
l-,lateral
l.,consonant
l.,approximant
l.,voiced
l.,retroflex
l.,lateral
l.[,consonant
l.[,flap
l.[,voiced
l.[,retroflex
l.[,lateral
l.[*,consonant
l.[*,flap
l.[*,laryngealized
l.[*,voiced
l.[*,retroflex
l.[*,lateral
l.F,consonant
l.F,fricative
l.F,voiced
l.F,retroflex
l.F,lateral
l[,consonant
l[,flap
l[,voiced
l[,alveolar
l[,lateral
l[J,consonant
l[J,flap
l[J,palatalized
l[J,voiced
l[J,alveolar
l[J,lateral
l*,consonant
l*,approximant
l*,laryngealized
l*,voiced
l*,alveolar
l*,lateral
l~,consonant
l~,approximant
l~,nasalized
l~,voiced
l~,alveolar
l~,lateral
l9,consonant
l9,approximant
l9,pharyngealized
l9,voiced
l9,alveolar
l9,lateral
lD,consonant
lD,approximant
lD,voiced
lD,dental
lD,lateral
lD-,consonant
lD-,approximant
lD-,velarized
lD-,voiced
lD-,dental
lD-,lateral
lD:,consonant
lD:,approximant
lD:,long
lD:,voiced
lD:,dental
lD:,lateral
lDF,consonant
lDF,fricative
lDF,voiced
lDF,dental
lDF,lateral
lDFJ,consonant
lDFJ,fricative
lDFJ,palatalized
lDFJ,voiced
lDFJ,dental
lDFJ,lateral
lDJ,consonant
lDJ,approximant
lDJ,palatalized
lDJ,voiced
lDJ,dental
lDJ,lateral
lF,consonant
lF,fricative
lF,voiced
lF,alveolar
lF,lateral
lFJ,consonant
lFJ,fricative
lFJ,palatalized
lFJ,voiced
lFJ,alveolar
lFJ,lateral
lJ,consonant
lJ,approximant
lJ,palatalized
lJ,voiced
lJ,alveolar
lJ,lateral
lj,consonant
lj,approximant
lj,voiced
lj,palatal
lj,lateral
m,consonant
m,nasal
m,voiced
m,bilabial
m:,consonant
m:,nasal
m:,long
m:,voiced
m:,bilabial
m*,consonant
m*,nasal
m*,laryngealized
m*,voiced
m*,bilabial
mb,consonant
mb,plosive
mb,prenasalized
mb,voiced
mb,bilabial
mbJ,consonant
mbJ,plosive
mbJ,prenasalized
mbJ,palatalized
mbJ,voiced
mbJ,bilabial
mbW,consonant
mbW,plosive
mbW,prenasalized
mbW,labialized
mbW,voiced
mbW,bilabial
mD,consonant
mD,nasal
mD,voiced
mD,labio-dental
mh,consonant
mh,nasal
mh,breathy
mh,voiced
mh,bilabial
mJ,consonant
mJ,nasal
mJ,palatalized
mJ,voiced
mJ,bilabial
mp,consonant
mp,plosive
mp,prenasalized
mp,voiceless
mp,bilabial
mph,consonant
mph,plosive
mph,prenasalized
mph,voiceless
mph,aspirated
mph,bilabial
mv,consonant
mv,fricative
mv,prenasalized
mv,voiced
mv,labiodental
mW,consonant
mW,nasal
mW,labialized
mW,voiced
mW,bilabial
mW-,consonant
mW-,nasal
mW-,labialized
mW-,velarized
mW-,voiced
mW-,bilabial
n,consonant
n,nasal
n,voiced
n,alveolar
N,consonant
N,nasal
N,voiced
N,velar
n_,consonant
n_,nasal
n_,voiced
n_,palato-alveolar
n_h,consonant
n_h,nasal
n_h,breathy
n_h,voiced
n_h,palato-alveolar
n-,consonant
n-,nasal
n-,velarized
n-,voiced
n-,alveolar
n:,consonant
n:,nasal
n:,long
n:,voiced
n:,alveolar
n!,consonant
n!,click
n!,nasalized
n!,voiced
n!,palato-alveolar
n.,consonant
n.,nasal
n.,voiced
n.,retroflex
n*,consonant
n*,nasal
n*,laryngealized
n*,voiced
n*,alveolar
N*,consonant
N*,nasal
N*,laryngealized
N*,voiced
N*,velar
n/,consonant
n/,click
n/,nasalized
n/,voiced
n/,alveolar
n/=,consonant
n/=,click
n/=,nasalized
n/=,voiced
n/=,palatal
n/=h,consonant
n/=h,click
n/=h,nasalized
n/=h,breathy
n/=h,voiced
n/=h,palatal
n/h,consonant
n/h,click
n/h,nasalized
n/h,breathy
n/h,voiced
n/h,alveolar
n#,consonant
n#,click
n#,nasalized
n#,voiced
n#,alveolar
n#,lateral
n#,affricated
n#j,consonant
n#j,click
n#j,nasalized
n#j,voiced
n#j,palatal
n#j,lateral
n#j,affricated
n#jh,consonant
n#jh,click
n#jh,nasalized
n#jh,breathy
n#jh,voiced
n#jh,palatal
n#jh,lateral
n#jh,affricated
n|,consonant
n|,click
n|,nasalized
n|,voiced
n|,dental
n|,affricated
n|h,consonant
n|h,click
n|h,nasalized
n|h,breathy
n|h,voiced
n|h,dental
n|h,affricated
N9,consonant
N9,nasal
N9,pharyngealized
N9,voiced
N9,velar
nc,consonant
nc,plosive
nc,prenasalized
nc,voiceless
nc,palatal
ncC$,consonant
ncC$,affricate
ncC$,prenasalized
ncC$,voiceless
ncC$,palatal
ncC$,sibilant
nD,consonant
nD,nasal
nD,voiced
nD,dental
nd,consonant
nd,plosive
nd,prenasalized
nd,voiced
nd,alveolar
nd_,consonant
nd_,plosive
nd_,prenasalized
nd_,voiced
nd_,palato-alveolar
nd.,consonant
nd.,plosive
nd.,prenasalized
nd.,voiced
nd.,retroflex
nd.z,consonant
nd.z,affricate
nd.z,prenasalized
nd.z,voiced
nd.z,retroflex
nd.z,sibilant
nD*,consonant
nD*,nasal
nD*,laryngealized
nD*,voiced
nD*,dental
ndD,consonant
ndD,plosive
ndD,prenasalized
ndD,voiced
ndD,dental
ndDz,consonant
ndDz,affricate
ndDz,prenasalized
ndDz,voiced
ndDz,dental
ndDz,sibilant
nDh,consonant
nDh,nasal
nDh,breathy
nDh,voiced
nDh,dental
nDJ,consonant
nDJ,nasal
nDJ,palatalized
nDJ,voiced
nDJ,dental
ndJ,consonant
ndJ,plosive
ndJ,prenasalized
ndJ,palatalized
ndJ,voiced
ndJ,alveolar
ndj,consonant
ndj,plosive
ndj,prenasalized
ndj,voiced
ndj,palatal
ndjjF,consonant
ndjjF,affricate
ndjjF,prenasalized
ndjjF,voiced
ndjjF,palatal
ndjz$,consonant
ndjz$,affricate
ndjz$,prenasalized
ndjz$,voiced
ndjz$,palatal
ndjz$,sibilant
ndz,consonant
ndz,affricate
ndz,prenasalized
ndz,voiced
ndz,alveolar
ndz,sibilant
ndZ,consonant
ndZ,affricate
ndZ,prenasalized
ndZ,voiced
ndZ,palato-alveolar
ndZ,sibilant
Ng,consonant
Ng,plosive
Ng,prenasalized
Ng,voiced
Ng,velar
NgW,consonant
NgW,plosive
NgW,prenasalized
NgW,labialized
NgW,voiced
NgW,velar
Nh,consonant
Nh,nasal
Nh,breathy
Nh,voiced
Nh,velar
nJ,consonant
nJ,nasal
nJ,palatalized
nJ,voiced
nJ,alveolar
NJ,consonant
NJ,nasal
NJ,palatalized
NJ,voiced
NJ,velar
nj,consonant
nj,nasal
nj,voiced
nj,palatal
nj:,consonant
nj:,nasal
nj:,long
nj:,voiced
nj:,palatal
nj*,consonant
nj*,nasal
nj*,laryngealized
nj*,voiced
nj*,palatal
njW,consonant
njW,nasal
njW,labialized
njW,voiced
njW,palatal
Nk,consonant
Nk,plosive
Nk,prenasalized
Nk,voiceless
Nk,velar
Nkh,consonant
Nkh,plosive
Nkh,prenasalized
Nkh,voiceless
Nkh,aspirated
Nkh,velar
NkJ,consonant
NkJ,plosive
NkJ,prenasalized
NkJ,palatalized
NkJ,voiceless
NkJ,velar
NkW,consonant
NkW,plosive
NkW,prenasalized
NkW,labialized
NkW,voiceless
NkW,velar
Nm,consonant
Nm,nasal
Nm,voiced
Nm,labial-velar
Nmgb,consonant
Nmgb,plosive
Nmgb,prenasalized
Nmgb,voiced
Nmgb,labial-velar
Nq,consonant
Nq,plosive
Nq,prenasalized
Nq,voiceless
Nq,uvular
Nqh,consonant
Nqh,plosive
Nqh,prenasalized
Nqh,voiceless
Nqh,aspirated
Nqh,uvular
nr,consonant
nr,trill
nr,prenasalized
nr,voiced
nr,alveolar
nt,consonant
nt,plosive
nt,prenasalized
nt,voiceless
nt,alveolar
nt_,consonant
nt_,plosive
nt_,prenasalized
nt_,voiceless
nt_,palato-alveolar
nt.,consonant
nt.,plosive
nt.,prenasalized
nt.,voiceless
nt.,retroflex
nt.s,consonant
nt.s,affricate
nt.s,prenasalized
nt.s,voiceless
nt.s,retroflex
nt.s,sibilant
nt.sh,consonant
nt.sh,affricate
nt.sh,prenasalized
nt.sh,voiceless
nt.sh,aspirated
nt.sh,retroflex
nt.sh,sibilant
ntD,consonant
ntD,plosive
ntD,prenasalized
ntD,voiceless
ntD,dental
ntDh,consonant
ntDh,plosive
ntDh,prenasalized
ntDh,voiceless
ntDh,aspirated
ntDh,dental
ntDs,consonant
ntDs,affricate
ntDs,prenasalized
ntDs,voiceless
ntDs,dental
ntDs,sibilant
ntDsh,consonant
ntDsh,affricate
ntDsh,prenasalized
ntDsh,voiceless
ntDsh,aspirated
ntDsh,dental
ntDsh,sibilant
ntS,consonant
ntS,affricate
ntS,prenasalized
ntS,voiceless
ntS,palato-alveolar
ntS,sibilant
ntSh,consonant
ntSh,affricate
ntSh,prenasalized
ntSh,voiceless
ntSh,aspirated
ntSh,palato-alveolar
ntSh,sibilant
nU,consonant
nU,nasal
nU,voiced
nU,uvular
NW,consonant
NW,nasal
NW,labialized
NW,voiced
NW,velar
nz,consonant
nz,fricative
nz,prenasalized
nz,voiced
nz,alveolar
nz,sibilant
nZ,consonant
nZ,fricative
nZ,prenasalized
nZ,voiced
nZ,palato-alveolar
nZ,sibilant
nzD,consonant
nzD,fricative
nzD,prenasalized
nzD,voiced
nzD,dental
nzD,sibilant
o,vowel
o,atr
o,back
o,rounded
O,vowel
O,back
O,rounded
o:,vowel
o:,LONG
o:,atr
o:,back
o:,rounded
O:,vowel
O:,LONG
O:,back
O:,rounded
o(,vowel
o(,atr
o(,back
o(+,vowel
o(+,FRONTED
o(+,back
o(+,atr
o(h,vowel
o(h,slack
o(h,spread
o(h,atr
o(h,back
o(i,diphthong
o(i,higher
o(i,mid
o(i,back
o(i,unrounded
o(i,to
o(i,high
o(i,front
o(i,unrounded
o(ih,diphthong
o(ih,breathy
o(ih,voiced
o(ih,higher
o(ih,mid
o(ih,back
o(ih,unrounded
o(ih,to
o(ih,high
o(ih,front
o(ih,unrounded
O*,vowel
O*,constricted
O*,back
O*,rounded
o*,vowel
o*,constricted
o*,back
o*,rounded
o*,atr
o/,vowel
o/,atr
o/,front
o/,rounded
o/_,vowel
o/_,RETRACTED
o/_,atr
o/_,front
o/_,rounded
o/:,vowel
o/:,LONG
o/:,atr
o/:,front
o/:,rounded
o/S,vowel
o/S,SHORTENED
o/S,atr
o/S,front
o/S,rounded
o/y,diphthong
o/y,higher
o/y,mid
o/y,front
o/y,rounded
o/y,to
o/y,high
o/y,front
o/y,rounded
o+,vowel
o+,FRONTED
o+,atr
o+,back
o+,rounded
o~,vowel
o~,nasal
o~,atr
o~,back
o~,rounded
O~,vowel
O~,nasal
O~,back
O~,rounded
o~:,vowel
o~:,LONG
o~:,nasal
o~:,atr
o~:,back
o~:,rounded
O~:,vowel
O~:,LONG
O~:,nasal
O~:,back
O~:,rounded
O9,vowel
O9,raised
O9,back
O9,rounded
O9~:,vowel
O9~:,LONG
O9~:,raised
O9~:,nasal
O9~:,back
O9~:,rounded
oa,diphthong
oa,mid
oa,back
oa,rounded
oa,to
oa,low
oa,central
oa,unrounded
oa~,diphthong
oa~,nasalized
oa~,mid
oa~,back
oa~,rounded
oa~,to
oa~,low
oa~,central
oa~,unrounded
oa9,diphthong
oa9,pharyngealized
oa9,mid
oa9,back
oa9,rounded
oa9,to
oa9,low
oa9,central
oa9,unrounded
oa9~,diphthong
oa9~,nasalized
oa9~,pharyngealized
oa9~,mid
oa9~,back
oa9~,rounded
oa9~,to
oa9~,low
oa9~,central
oa9~,unrounded
oe,diphthong
oe,mid
oe,back
oe,rounded
oe,to
oe,mid
oe,front
oe,unrounded
oh,vowel
oh,slack
oh,spread
oh,atr
oh,back
oh,rounded
Oh,vowel
Oh,slack
Oh,spread
Oh,back
Oh,rounded
Oi,diphthong
Oi,lower
Oi,mid
Oi,back
Oi,rounded
Oi,to
Oi,high
Oi,front
Oi,unrounded
oi,diphthong
oi,mid
oi,back
oi,rounded
oi,to
oi,high
oi,front
oi,unrounded
Oi~,diphthong
Oi~,nasalized
Oi~,lower
Oi~,mid
Oi~,back
Oi~,rounded
Oi~,to
Oi~,high
Oi~,front
Oi~,unrounded
oi~,diphthong
oi~,nasalized
oi~,mid
oi~,back
oi~,rounded
oi~,to
oi~,high
oi~,front
oi~,unrounded
oi9,diphthong
oi9,pharyngealized
oi9,mid
oi9,back
oi9,rounded
oi9,to
oi9,high
oi9,front
oi9,unrounded
oi9~,diphthong
oi9~,nasalized
oi9~,pharyngealized
oi9~,mid
oi9~,back
oi9~,rounded
oi9~,to
oi9~,high
oi9~,front
oi9~,unrounded
oih,diphthong
oih,breathy
oih,voiced
oih,higher
oih,mid
oih,back
oih,rounded
oih,to
oih,high
oih,front
oih,unrounded
Oih,diphthong
Oih,breathy
Oih,voiced
Oih,lower
Oih,mid
Oih,back
Oih,rounded
Oih,to
Oih,high
Oih,front
Oih,unrounded
oS,vowel
oS,SHORTENED
oS,atr
oS,back
oS,rounded
OS,vowel
OS,SHORTENED
OS,back
OS,rounded
ou,diphthong
ou,mid
ou,back
ou,rounded
ou,to
ou,high
ou,back
ou,rounded
ou~,diphthong
ou~,nasalized
ou~,mid
ou~,back
ou~,rounded
ou~,to
ou~,high
ou~,back
ou~,rounded
Oy,diphthong
Oy,lower
Oy,mid
Oy,back
Oy,rounded
Oy,to
Oy,high
Oy,front
Oy,rounded
P,consonant
P,fricative
P,voiceless
P,bilabial
p,consonant
p,plosive
p,voiceless
p,bilabial
p:,consonant
p:,plosive
p:,long
p:,voiceless
p:,bilabial
p*,consonant
p*,plosive
p*,laryngealized
p*,voiceless
p*,bilabial
P&,consonant
P&,fricative
P&,voiceless
P&,bilabial
P&,ejective
p&,consonant
p&,plosive
p&,voiceless
p&,bilabial
p&,ejective
p<,consonant
p<,plosive
p<,voiceless
p<,bilabial
p<,implosive
PA,consonant
PA,approximant
PA,voiceless
PA,bilabial
pf,consonant
pf,affricate
pf,voiceless
pf,labio-dental
pf&,consonant
pf&,affricate
pf&,voiceless
pf&,labiodental
pf&,ejective
pfh,consonant
pfh,affricate
pfh,voiceless
pfh,aspirated
pfh,labio-dental
ph,consonant
ph,plosive
ph,voiceless
ph,aspirated
ph,bilabial
phh,consonant
phh,plosive
phh,voiceless
phh,bilabial
phh,with
phh,breathy
phh,release
PJ,consonant
PJ,fricative
PJ,palatalized
PJ,voiceless
PJ,bilabial
pJ,consonant
pJ,plosive
pJ,palatalized
pJ,voiceless
pJ,bilabial
pJh,consonant
pJh,plosive
pJh,palatalized
pJh,voiceless
pJh,aspirated
pJh,bilabial
PW,consonant
PW,fricative
PW,labialized
PW,voiceless
PW,bilabial
pW,consonant
pW,plosive
pW,labialized
pW,voiceless
pW,bilabial
PW-,consonant
PW-,fricative
PW-,labialized
PW-,velarized
PW-,voiceless
PW-,bilabial
pW-h,consonant
pW-h,plosive
pW-h,labialized
pW-h,velarized
pW-h,voiceless
pW-h,aspirated
pW-h,bilabial
q,consonant
q,plosive
q,voiceless
q,uvular
q:,consonant
q:,plosive
q:,long
q:,voiceless
q:,uvular
q*,consonant
q*,plosive
q*,laryngealized
q*,voiceless
q*,uvular
q&,consonant
q&,plosive
q&,voiceless
q&,uvular
q&,ejective
q<,consonant
q<,plosive
q<,voiceless
q<,uvular
q<,implosive
q9&,consonant
q9&,plosive
q9&,pharyngealized
q9&,voiceless
q9&,uvular
q9&,ejective
q9h,consonant
q9h,plosive
q9h,pharyngealized
q9h,voiceless
q9h,aspirated
q9h,uvular
qh,consonant
qh,plosive
qh,voiceless
qh,aspirated
qh,uvular
qW,consonant
qW,plosive
qW,labialized
qW,voiceless
qW,uvular
qW:,consonant
qW:,plosive
qW:,long
qW:,labialized
qW:,voiceless
qW:,uvular
qW*,consonant
qW*,plosive
qW*,laryngealized
qW*,labialized
qW*,voiceless
qW*,uvular
qW&,consonant
qW&,plosive
qW&,labialized
qW&,voiceless
qW&,uvular
qW&,ejective
qW9&,consonant
qW9&,plosive
qW9&,labialized
qW9&,pharyngealized
qW9&,voiceless
qW9&,uvular
qW9&,ejective
qW9h,consonant
qW9h,plosive
qW9h,labialized
qW9h,pharyngealized
qW9h,voiceless
qW9h,aspirated
qW9h,uvular
qWh,consonant
qWh,plosive
qWh,labialized
qWh,voiceless
qWh,aspirated
qWh,uvular
qX,consonant
qX,affricate
qX,voiceless
qX,uvular
qX:,consonant
qX:,affricate
qX:,long
qX:,voiceless
qX:,uvular
qX&,consonant
qX&,affricate
qX&,voiceless
qX&,uvular
qX&,ejective
qX&:,consonant
qX&:,affricate
qX&:,long
qX&:,voiceless
qX&:,uvular
qX&:,ejective
qX9,consonant
qX9,affricate
qX9,pharyngealized
qX9,voiceless
qX9,uvular
qX9&,consonant
qX9&,affricate
qX9&,pharyngealized
qX9&,voiceless
qX9&,uvular
qX9&,ejective
qX9&:,consonant
qX9&:,affricate
qX9&:,long
qX9&:,pharyngealized
qX9&:,voiceless
qX9&:,uvular
qX9&:,ejective
qXW,consonant
qXW,affricate
qXW,labialized
qXW,voiceless
qXW,uvular
qXW&,consonant
qXW&,affricate
qXW&,labialized
qXW&,voiceless
qXW&,uvular
qXW&,ejective
qXW9,consonant
qXW9,affricate
qXW9,labialized
qXW9,pharyngealized
qXW9,voiceless
qXW9,uvular
qXW9&,consonant
qXW9&,affricate
qXW9&,labialized
qXW9&,pharyngealized
qXW9&,voiceless
qXW9&,uvular
qXW9&,ejective
r,consonant
r,trill
r,voiced
r,alveolar
R,consonant
R,trill
R,voiced
R,uvular
r_[,consonant
r_[,flap
r_[,voiced
r_[,palato-alveolar
r.,consonant
r.,trill
r.,voiced
r.,retroflex
r.[,consonant
r.[,flap
r.[,voiced
r.[,retroflex
r.[~,consonant
r.[~,flap
r.[~,nasalized
r.[~,voiced
r.[~,retroflex
r.A,consonant
r.A,approximant
r.A,voiced
r.A,retroflex
r[,consonant
r[,flap
r[,voiced
r[,alveolar
r[-,consonant
r[-,flap
r[-,velarized
r[-,voiced
r[-,alveolar
r[*,consonant
r[*,flap
r[*,glottalized
r[*,voiced
r[*,alveolar
r[F,consonant
r[F,fricative
r[F,voiced
r[F,alveolar
r[F,flap
r[J,consonant
r[J,flap
r[J,palatalized
r[J,voiced
r[J,alveolar
rA,consonant
rA,approximant
rA,voiced
rA,alveolar
RA,consonant
RA,approximant
RA,voiced
RA,uvular
RAW,consonant
RAW,approximant
RAW,labialized
RAW,voiced
RAW,uvular
RAW*,consonant
RAW*,approximant
RAW*,laryngealized
RAW*,labialized
RAW*,voiced
RAW*,uvular
rD,consonant
rD,trill
rD,voiced
rD,dental
rD[,consonant
rD[,flap
rD[,voiced
rD[,dental
rDJ,consonant
rDJ,trill
rDJ,palatalized
rDJ,voiced
rDJ,dental
rDT,consonant
rDT,TAP
rDT,voiced
rDT,dental
rDT*,consonant
rDT*,TAP
rDT*,laryngealized
rDT*,voiced
rDT*,dental
RF,consonant
RF,fricative
RF,voiced
RF,uvular
RF9,consonant
RF9,fricative
RF9,pharyngealized
RF9,voiced
RF9,uvular
RFW,consonant
RFW,fricative
RFW,voiced
RFW,uvular
RFW9,consonant
RFW9,fricative
RFW9,labialized
RFW9,pharyngealized
RFW9,voiced
RFW9,uvular
rJ,consonant
rJ,trill
rJ,palatalized
rJ,voiced
rJ,alveolar
rj,consonant
rj,trill
rj,voiced
rj,palatal
rr,consonant
rr,R-SOUND
rr,voiced
rr,alveolar
rrD,consonant
rrD,R-SOUND
rrD,voiced
rrD,dental
rrJ,consonant
rrJ,R-SOUND
rrJ,palatalized
rrJ,voiced
rrJ,alveolar
rT,consonant
rT,TAP
rT,voiced
rT,alveolar
s,consonant
s,fricative
s,voiceless
s,alveolar
s,sibilant
S,consonant
S,fricative
S,voiceless
S,palato-alveolar
S,sibilant
S-,consonant
S-,fricative
S-,velarized
S-,voiceless
S-,palato-alveolar
S-,sibilant
s:,consonant
s:,fricative
s:,long
s:,voiceless
s:,alveolar
s:,sibilant
S:,consonant
S:,fricative
S:,long
S:,voiceless
S:,palato-alveolar
S:,sibilant
s.,consonant
s.,fricative
s.,voiceless
s.,retroflex
s.,sibilant
s.&,consonant
s.&,fricative
s.&,voiceless
s.&,retroflex
s.&,sibilant
s.&,ejective
s*,consonant
s*,fricative
s*,laryngealized
s*,voiceless
s*,alveolar
s*,sibilant
s&,consonant
s&,fricative
s&,voiceless
s&,alveolar
s&,sibilant
s&,ejective
S&,consonant
S&,fricative
S&,voiceless
S&,palato-alveolar
S&,sibilant
S&,ejective
s9,consonant
s9,fricative
s9,pharyngealized
s9,voiceless
s9,alveolar
s9,sibilant
sD,consonant
sD,fricative
sD,voiceless
sD,dental
sD,sibilant
sD*,consonant
sD*,fricative
sD*,laryngealized
sD*,voiceless
sD*,dental
sD*,sibilant
sD&,consonant
sD&,fricative
sD&,voiceless
sD&,dental
sD&,sibilant
sD&,ejective
sD9,consonant
sD9,fricative
sD9,pharyngealized
sD9,voiceless
sD9,dental
sD9,sibilant
sDJ,consonant
sDJ,fricative
sDJ,palatalized
sDJ,voiceless
sDJ,dental
sDJ,sibilant
sJ,consonant
sJ,fricative
sJ,palatalized
sJ,voiceless
sJ,alveolar
sJ,sibilant
SJ,consonant
SJ,fricative
SJ,palatalized
SJ,voiceless
SJ,palato-alveolar
SJ,sibilant
SW,consonant
SW,fricative
SW,labialized
SW,voiceless
SW,palato-alveolar
SW,sibilant
SW:,consonant
SW:,fricative
SW:,long
SW:,labialized
SW:,voiceless
SW:,palato-alveolar
SW:,sibilant
t,consonant
t,plosive
t,voiceless
t,alveolar
t_,consonant
t_,plosive
t_,voiceless
t_,palato-alveolar
t_h,consonant
t_h,plosive
t_h,voiceless
t_h,aspirated
t_h,palato-alveolar
t-,consonant
t-,plosive
t-,velarized
t-,voiceless
t-,alveolar
t:,consonant
t:,plosive
t:,long
t:,voiceless
t:,alveolar
t.,consonant
t.,plosive
t.,voiceless
t.,retroflex
t.*,consonant
t.*,plosive
t.*,laryngealized
t.*,voiceless
t.*,retroflex
t.0,consonant
t.0,affricate
t.0,voiceless
t.0,retroflex
t.h,consonant
t.h,plosive
t.h,voiceless
t.h,aspirated
t.h,retroflex
t.r,consonant
t.r,trill
t.r,voiceless
t.r,retroflex
t.r,affricated
t.s,consonant
t.s,affricate
t.s,voiceless
t.s,retroflex
t.s,sibilant
t.s&,consonant
t.s&,affricate
t.s&,voiceless
t.s&,retroflex
t.s&,sibilant
t.s&,ejective
t.sh,consonant
t.sh,affricate
t.sh,voiceless
t.sh,aspirated
t.sh,retroflex
t.sh,sibilant
t&,consonant
t&,plosive
t&,voiceless
t&,alveolar
t&,ejective
t<,consonant
t<,plosive
t<,voiceless
t<,alveolar
t<,implosive
t0,consonant
t0,affricate
t0,voiceless
t0,alveolar
t0h,consonant
t0h,affricate
t0h,voiceless
t0h,aspirated
t0h,alveolar
tD,consonant
tD,plosive
tD,voiceless
tD,dental
tD*,consonant
tD*,plosive
tD*,laryngealized
tD*,voiceless
tD*,dental
tD&,consonant
tD&,plosive
tD&,voiceless
tD&,dental
tD&,ejective
tD0,consonant
tD0,affricate
tD0,voiceless
tD0,dental
tD0&,consonant
tD0&,affricate
tD0&,voiceless
tD0&,dental
tD0&,ejective
tD0h,consonant
tD0h,affricate
tD0h,voiceless
tD0h,aspirated
tD0h,dental
tD9,consonant
tD9,plosive
tD9,pharyngealized
tD9,voiceless
tD9,dental
tDh,consonant
tDh,plosive
tDh,voiceless
tDh,aspirated
tDh,dental
tDhh,consonant
tDhh,plosive
tDhh,voiceless
tDhh,dental
tDhh,with
tDhh,breathy
tDhh,release
tDJ,consonant
tDJ,plosive
tDJ,palatalized
tDJ,voiceless
tDJ,dental
tDs,consonant
tDs,affricate
tDs,voiceless
tDs,dental
tDs,sibilant
tDs&,consonant
tDs&,affricate
tDs&,voiceless
tDs&,dental
tDs&,sibilant
tDs&,ejective
tDsh,consonant
tDsh,affricate
tDsh,voiceless
tDsh,aspirated
tDsh,dental
tDsh,sibilant
tDsJ,consonant
tDsJ,affricate
tDsJ,voiceless
tDsJ,palatalized
tDsJ,dental
tDsJ,sibilant
th,consonant
th,plosive
th,voiceless
th,aspirated
th,alveolar
thh,consonant
thh,plosive
thh,voiceless
thh,alveolar
thh,with
thh,breathy
thh,release
tJ,consonant
tJ,plosive
tJ,palatalized
tJ,voiceless
tJ,alveolar
tlF,consonant
tlF,affricate
tlF,voiceless
tlF,alveolar
tlF,lateral
tlF&,consonant
tlF&,affricate
tlF&,voiceless
tlF&,alveolar
tlF&,lateral
tlF&,ejective
tlFh,consonant
tlFh,affricate
tlFh,voiceless
tlFh,aspirated
tlFh,alveolar
tlFh,lateral
ts,consonant
ts,affricate
ts,voiceless
ts,alveolar
ts,sibilant
tS,consonant
tS,affricate
tS,voiceless
tS,palato-alveolar
tS,sibilant
ts-,consonant
ts-,affricate
ts-,velarized
ts-,voiceless
ts-,alveolar
ts-,sibilant
tS-,consonant
tS-,affricate
tS-,velarized
tS-,voiceless
tS-,palato-alveolar
tS-,sibilant
tS:,consonant
tS:,affricate
tS:,long
tS:,voiceless
tS:,palato-alveolar
tS:,sibilant
ts*,consonant
ts*,affricate
ts*,laryngealized
ts*,voiceless
ts*,alveolar
ts*,sibilant
tS*,consonant
tS*,affricate
tS*,laryngealized
tS*,voiceless
tS*,palato-alveolar
tS*,sibilant
ts&,consonant
ts&,affricate
ts&,voiceless
ts&,alveolar
ts&,sibilant
ts&,ejective
tS&,consonant
tS&,affricate
tS&,voiceless
tS&,palato-alveolar
tS&,sibilant
tS&,ejective
tS&:,consonant
tS&:,affricate
tS&:,long
tS&:,voiceless
tS&:,palatal-alveolar
tS&:,sibilant
tS&:,ejective
tsh,consonant
tsh,affricate
tsh,voiceless
tsh,aspirated
tsh,alveolar
tsh,sibilant
tSh,consonant
tSh,affricate
tSh,voiceless
tSh,aspirated
tSh,palato-alveolar
tSh,sibilant
tshh,consonant
tshh,affricate
tshh,voiceless
tshh,aspirated
tshh,alveolar
tshh,sibilant
tshh,with
tshh,breathy
tshh,release
tSJ,consonant
tSJ,affricate
tSJ,palatalized
tSJ,voiceless
tSJ,palato-alveolar
tSJ,sibilant
tSJh,consonant
tSJh,affricate
tSJh,palatalized
tSJh,voiceless
tSJh,aspirated
tSJh,palato-alveolar
tSJh,sibilant
tSW,consonant
tSW,affricate
tSW,labialized
tSW,voiceless
tSW,palato-alveolar
tSW,sibilant
tSW:,consonant
tSW:,affricate
tSW:,long
tSW:,labialized
tSW:,voiceless
tSW:,palato-alveolar
tSW:,sibilant
tSW&,consonant
tSW&,affricate
tSW&,labialized
tSW&,voiceless
tSW&,palato-alveolar
tSW&,sibilant
tSW&,ejective
tSWh,consonant
tSWh,affricate
tSWh,labialized
tSWh,voiceless
tSWh,aspirated
tSWh,palato-alveolar
tSWh,sibilant
u,vowel
u,high
u,atr
u,back
u,rounded
U,vowel
U,high
U,back
U,rounded
u:,vowel
u:,LONG
u:,high
u:,atr
u:,back
u:,rounded
U:,vowel
U:,LONG
U:,high
U:,back
U:,rounded
u@,diphthong
u@,high
u@,back
u@,rounded
u@,to
u@,mid
u@,central
u@,unrounded
u@h,diphthong
u@h,breathy
u@h,voiced
u@h,high
u@h,back
u@h,rounded
u@h,to
u@h,mid
u@h,central
u@h,unrounded
u*,vowel
u*,constricted
u*,high
u*,atr
u*,back
u*,rounded
u^,diphthong
u^,high
u^,back
u^,rounded
u^,to
u^,lower
u^,mid
u^,back
u^,unrounded
u+,vowel
u+,high
u+,atr
u+,rounded
U+,vowel
U+,high
U+,central
U+,rounded
u+:,vowel
u+:,LONG
u+:,high
u+:,atr
u+:,rounded
u+S,vowel
u+S,SHORTENED
u+S,high
u+S,atr
u+S,rounded
u~,vowel
u~,nasal
u~,high
u~,atr
u~,back
u~,rounded
U~,vowel
U~,nasal
U~,high
U~,back
U~,rounded
u~:,vowel
u~:,LONG
u~:,nasal
u~:,high
u~:,atr
u~:,back
u~:,rounded
u9,vowel
u9,raised
u9,high
u9,atr
u9,back
u9,rounded
U9,vowel
U9,raised
U9,high
U9,back
U9,rounded
u9:,vowel
u9:,LONG
u9:,raised
u9:,high
u9:,atr
u9:,back
u9:,rounded
ua,diphthong
ua,high
ua,back
ua,rounded
ua,to
ua,low
ua,central
ua,unrounded
uah,diphthong
uah,breathy
uah,voiced
uah,high
uah,back
uah,rounded
uah,to
uah,low
uah,central
uah,unrounded
uF,vowel
uF,FRICATIVE
uF,high
uF,atr
uF,back
uF,rounded
uh,vowel
uh,slack
uh,spread
uh,high
uh,atr
uh,back
uh,rounded
ui,diphthong
ui,high
ui,back
ui,rounded
ui,to
ui,high
ui,front
ui,unrounded
Ui,diphthong
Ui,lowered
Ui,high
Ui,back
Ui,rounded
Ui,to
Ui,high
Ui,front
Ui,unrounded
ui~,diphthong
ui~,nasalized
ui~,high
ui~,back
ui~,rounded
ui~,to
ui~,high
ui~,front
ui~,unrounded
uih,diphthong
uih,breathy
uih,voiced
uih,high
uih,back
uih,rounded
uih,to
uih,high
uih,front
uih,unrounded
uo,diphthong
uo,high
uo,back
uo,rounded
uo,to
uo,mid
uo,back
uo,rounded
uS,vowel
uS,SHORTENED
uS,high
uS,atr
uS,back
uS,rounded
US,vowel
US,SHORTENED
US,high
US,back
US,rounded
uu,vowel
uu,high
uu,atr
uu,back
UU,vowel
UU,high
UU,back
uu:,vowel
uu:,LONG
uu:,high
uu:,atr
uu:,back
uu@,diphthong
uu@,high
uu@,back
uu@,unrounded
uu@,to
uu@,mid
uu@,central
uu@,unrounded
uu@h,diphthong
uu@h,breathy
uu@h,voiced
uu@h,high
uu@h,back
uu@h,unrounded
uu@h,to
uu@h,mid
uu@h,central
uu@h,unrounded
uu^,diphthong
uu^,high
uu^,back
uu^,unrounded
uu^,to
uu^,lower
uu^,mid
uu^,back
uu^,unrounded
uu~,vowel
uu~,nasal
uu~,high
uu~,atr
uu~,back
uua,diphthong
uua,high
uua,back
uua,unrounded
uua,to
uua,low
uua,central
uua,unrounded
uuF,vowel
uuF,FRICATIVE
uuF,high
uuF,atr
uuF,back
uuF,drawn
uuh,vowel
uuh,slack
uuh,spread
uuh,high
uuh,atr
uuh,back
uui,diphthong
uui,high
uui,back
uui,unrounded
uui,to
uui,high
uui,front
uui,unrounded
uuih,diphthong
uuih,breathy
uuih,voiced
uuih,high
uuih,back
uuih,unrounded
uuih,to
uuih,high
uuih,front
uuih,unrounded
UUS,vowel
UUS,SHORTENED
UUS,high
UUS,back
v,consonant
v,fricative
v,voiced
v,labio-dental
v[,consonant
v[,flap
v[,voiced
v[,labio-dental
vA,consonant
vA,approximant
vA,voiced
vA,labio-dental
vh,consonant
vh,fricative
vh,breathy
vh,voiced
vh,labiodental
vJ,consonant
vJ,fricative
vJ,palatalized
vJ,voiced
vJ,labio-dental
vW,consonant
vW,fricative
vW,labialized
vW,voiced
vW,labiodental
w,consonant
w,approximant
w,voiced
w,labial-velar
w*,consonant
w*,approximant
w*,laryngealized
w*,voiced
w*,labial-velar
w~,consonant
w~,approximant
w~,nasalized
w~,voiced
w~,labial-velar
wj,consonant
wj,approximant
wj,voiced
wj,labial-palatal
X,consonant
X,fricative
X,voiceless
X,uvular
x,consonant
x,fricative
x,voiceless
x,velar
X:,consonant
X:,fricative
X:,long
X:,voiceless
X:,uvular
x:,consonant
x:,fricative
x:,long
x:,voiceless
x:,velar
X&,consonant
X&,fricative
X&,voiceless
X&,uvular
X&,ejective
x&,consonant
x&,fricative
x&,voiceless
x&,velar
x&,ejective
X9,consonant
X9,fricative
X9,pharyngealized
X9,voiceless
X9,uvular
X9:,consonant
X9:,fricative
X9:,long
X9:,pharyngealized
X9:,voiceless
X9:,uvular
xJ,consonant
xJ,fricative
xJ,palatalized
xJ,voiceless
xJ,velar
XW,consonant
XW,fricative
XW,labialized
XW,voiceless
XW,uvular
xW,consonant
xW,fricative
xW,labialized
xW,voiceless
xW,velar
XW:,consonant
XW:,fricative
XW:,long
XW:,labialized
XW:,voiceless
XW:,uvular
xW:,consonant
xW:,fricative
xW:,long
xW:,labialized
xW:,voiceless
xW:,velar
XW&,consonant
XW&,fricative
XW&,labialized
XW&,voiceless
XW&,uvular
XW&,ejective
xW&,consonant
xW&,fricative
xW&,labialized
xW&,voiceless
xW&,velar
xW&,ejective
XW9,consonant
XW9,fricative
XW9,labialized
XW9,pharyngealized
XW9,voiceless
XW9,uvular
XW9:,consonant
XW9:,fricative
XW9:,long
XW9:,labialized
XW9:,pharyngealized
XW9:,voiceless
XW9:,uvular
y,vowel
y,high
y,atr
y,front
y,rounded
Y,vowel
Y,high
Y,front
Y,rounded
y:,vowel
y:,LONG
y:,high
y:,front
y:,atr
y:,rounded
y~,vowel
y~,nasal
y~,high
y~,atr
y~,front
y~,rounded
yo/,diphthong
yo/,high
yo/,front
yo/,rounded
yo/,to
yo/,mid
yo/,front
yo/,rounded
z,consonant
z,fricative
z,voiced
z,alveolar
z,sibilant
Z,consonant
Z,fricative
Z,voiced
Z,palato-alveolar
Z,sibilant
Z-,consonant
Z-,fricative
Z-,velarized
Z-,voiced
Z-,palato-alveolar
Z-,sibilant
z.,consonant
z.,fricative
z.,voiced
z.,retroflex
z.,sibilant
z.*,consonant
z.*,fricative
z.*,laryngealized
z.*,voiced
z.*,retroflex
z.*,sibilant
z$,consonant
z$,fricative
z$,voiced
z$,palatal
z$,sibilant
zD,consonant
zD,fricative
zD,voiced
zD,dental
zD,sibilant
zD9,consonant
zD9,fricative
zD9,pharyngealized
zD9,voiced
zD9,dental
zD9,sibilant
zDJ,consonant
zDJ,fricative
zDJ,palatalized
zDJ,voiced
zDJ,sibilant
zDJ,dental
Zh,consonant
Zh,fricative
Zh,breathy
Zh,voiced
Zh,palato-alveolar
Zh,sibilant
ZJ,consonant
ZJ,fricative
ZJ,palatalized
ZJ,voiced
ZJ,palato-alveolar
ZJ,sibilant
ZW,consonant
ZW,fricative
ZW,labialized
ZW,voiced
ZW,palatal-alveolar
ZW,sibilant