0,voiceless
0,retroflex
0,fricative
3:,long
3:,lower
3:,mid
3:,central
3:,unrounded
3:,vowel
3,lower
3,mid
3,central
3,unrounded
3,vowel
4,raised
4,low
4,central
4,unrounded
4,vowel
6,voiced
6,alveolar
6,fricative
6,voiced
6,retroflex
6,fricative
9,voiced
9,pharyngeal
9,fricative
49,pharyngealized
49,raised
49,low
49,central
49,unrounded
49,vowel
99,voiced
99,pharyngeal
99,plosive
!,voiceless
!,palato-alveolar
!,click
!?,glottalized
!?,voiceless
!?,palatal-alveolar
!?,click
!h,voiceless
!h,aspirated
!h,palatal-alveolar
!h,click
!xh,velar-fricated
!xh,voiceless
!xh,aspirated
!xh,palato-alveolar
!xh,click
?,glottal
?,plosive
??,voiced
??,glottal
??,plosive
?9,pharyngealized
?9,glottal
?9,plosive
?W,labialized
?W,glottal
?W,plosive
{@,mid
{@,central
{@,unrounded
{@,vowel
{@:,long
{@:,mid
{@:,central
{@:,unrounded
{@:,vowel
{@.,retroflexed
{@.,mid
{@.,central
{@.,unrounded
{@.,vowel
{@),mid
{@),central
{@),rounded
{@),vowel
{@)S,overshort
{@)S,mid
{@)S,central
{@)S,rounded
{@)S,vowel
{@~,nasalized
{@~,mid
{@~,central
{@~,unrounded
{@~,vowel
{@S,overshort
{@S,mid
{@S,central
{@S,unrounded
{@S,vowel
{6,voiced
{6,dental/alveolar
{6,fricative
{d,voiced
{d,dental/alveolar
{d,plosive
{d*,8laryngealized
{d*,voiced
{d*,dental/alveolar
{d*,plosive
{d<,voiced
{d<,dental/alveolar
{d<,implosive
{d9,pharyngealized
{d9,voiced
{d9,dental/alveolar
{d9,plosive
{dh,breathy
{dh,voiced
{dh,dental/alveolar
{dh,plosive
{dJ,8palatalized
{dJ,voiced
{dJ,dental/alveolar
{dJ,plosive
{dlF,voiced
{dlF,dental/alveolar
{dlF,lateral
{dlF,affricate
{dW,labialized
{dW,voiced
{dW,dental/alveolar
{dW,plosive
{dz,voiced
{dz,dental/alveolar
{dz,sibilant
{dz,affricate
{dzh,breathy
{dzh,voiced
{dzh,dental/alveolar
{dzh,sibilant
{dzh,affricate
{dzJ,palatalized
{dzJ,voiced
{dzJ,dental/alveolar
{dzJ,sibilant
{dzJ,affricate
{e,mid
{e,front
{e,unrounded
{e,vowel
{e_,retracted
{e_,mid
{e_,front
{e_,unrounded
{e_,vowel
{e:,long
{e:,mid
{e:,front
{e:,unrounded
{e:,vowel
{e*,laryngealized
{e*,mid
{e*,front
{e*,unrounded
{e*,vowel
{e~,nasalized
{e~,mid
{e~,front
{e~,unrounded
{e~,vowel
{e~*,laryngealized
{e~*,nasalized
{e~*,mid
{e~*,front
{e~*,unrounded
{e~*,vowel
{e9,pharyngealized
{e9,mid
{e9,front
{e9,unrounded
{e9,vowel
{eS,overshort
{eS,mid
{eS,front
{eS,unrounded
{eS,vowel
{he,voiceless
{he,mid
{he,front
{he,unrounded
{he,vowel
{hl,voiceless
{hl,dental/alveolar
{hl,lateral
{hl,approximant
{hlF,voiceless
{hlF,dental/alveolar
{hlF,lateral
{hlF,fricative
{hlF:,long
{hlF:,voiceless
{hlF:,dental/alveolar
{hlF:,lateral
{hlF:,fricative
{hlF&,voiceless
{hlF&,dental/alveolar
{hlF&,lateral
{hlF&,ejective
{hlF&,fricative
{hlFJ,palatalized
{hlFJ,voiceless
{hlFJ,dental/alveolar
{hlFJ,lateral
{hlFJ,fricative
{hlFW,labialized
{hlFW,voiceless
{hlFW,dental/alveolar
{hlFW,lateral
{hlFW,fricative
{hlFW:,long
{hlFW:,labialized
{hlFW:,voiceless
{hlFW:,dental/alveolar
{hlFW:,lateral
{hlFW:,fricative
{hn,voiceless
{hn,dental/alveolar
{hn,nasal
{ho,voiceless
{ho,mid
{ho,back
{ho,rounded
{ho,vowel
{hr,voiceless
{hr,dental/alveolar
{hr,trill
{hrA,voiceless
{hrA,dental/alveolar
{hrA,approximant
{hrr,voiceless
{hrr,dental/alveolar
{hrr,r-sound
{hs,voiceless
{hs,preaspirated
{hs,dental/alveolar
{hs,sibilant
{hs,fricative
{l,voiced
{l,dental/alveolar
{l,lateral
{l,approximant
{l-,velarized
{l-,voiced
{l-,dental/alveolar
{l-,lateral
{l-,approximant
{l[,voiced
{l[,dental/alveolar
{l[,lateral
{l[,flap
{l*,laryngealized
{l*,voiced
{l*,dental/alveolar
{l*,lateral
{l*,approximant
{l9,pharyngealized
{l9,voiced
{l9,dental/alveolar
{l9,lateral
{l9,approximant
{lF,voiced
{lF,dental/alveolar
{lF,lateral
{lF,fricative
{lh,breathy
{lh,voiced
{lh,dental/alveolar
{lh,lateral
{lh,approximant
{lJ,palatalized
{lJ,voiced
{lJ,dental/alveolar
{lJ,lateral
{lJ,approximant
{n,voiced
{n,dental/alveolar
{n,nasal
{n:,long
{n:,voiced
{n:,dental/alveolar
{n:,nasal
{n*,laryngealized
{n*,voiced
{n*,dental/alveolar
{n*,nasal
{nd,prenasalized
{nd,voiced
{nd,dental/alveolar
{nd,plosive
{ndJ,prenasalized
{ndJ,palatalized
{ndJ,voiced
{ndJ,dental/alveolar
{ndJ,plosive
{ndJ,prenasalized
{ndJ,palatalized
{ndJ,voiced
{ndJ,dental/alveolar
{ndJ,plosive
{ndW,prenasalized
{ndW,labialized
{ndW,voiced
{ndW,dental/alveolar
{ndW,plosive
{nh,breathy
{nh,voiced
{nh,dental/alveolar
{nh,nasal
{nJ,palatalized
{nJ,voiced
{nJ,dental/alveolar
{nJ,nasal
{ns,prenasalized
{ns,voiceless
{ns,dental/alveolar
{ns,sibilant
{ns,fricative
{nt,prenasalized
{nt,voiceless
{nt,dental/alveolar
{nt,plosive
{nts,prenasalized
{nts,voiceless
{nts,dental/alveolar
{nts,sibilant
{nts,affricate
{nW,labialized
{nW,voiced
{nW,dental/alveolar
{nW,nasal
{nz,prenasalized
{nz,voiced
{nz,dental/alveolar
{nz,sibilant
{nz,fricative
{o,mid
{o,back
{o,rounded
{o,vowel
{o:,long
{o:,mid
{o:,back
{o:,rounded
{o:,vowel
{o(,mid
{o(,back
{o(,unrounded
{o(,vowel
{o(:,long
{o(:,mid
{o(:,back
{o(:,unrounded
{o(:,vowel
{o(+~,nasalized
{o(+~,fronted
{o(+~,mid
{o(+~,back
{o(+~,unrounded
{o(+~,vowel
{o(~,nasalized
{o(~,mid
{o(~,back
{o(~,unrounded
{o(~,vowel
{o*,laryngealized
{o*,mid
{o*,back
{o*,rounded
{o*,vowel
{o/,mid
{o/,front
{o/,rounded
{o/,vowel
{o/:,long
{o/:,mid
{o/:,front
{o/:,rounded
{o/:,vowel
{o/9,pharyngealized
{o/9,mid
{o/9,front
{o/9,rounded
{o/9,vowel
{o+,fronted
{o+,mid
{o+,back
{o+,rounded
{o+,vowel
{o~,nasalized
{o~,mid
{o~,back
{o~,rounded
{o~,vowel
{o~*,laryngealized
{o~*,nasalized
{o~*,mid
{o~*,back
{o~*,rounded
{o~*,vowel
{o9,pharyngealized
{o9,mid
{o9,back
{o9,rounded
{o9,vowel
{o9:,long
{o9:,pharyngealized
{o9:,mid
{o9:,back
{o9:,rounded
{o9:,vowel
{o9~,nasalized
{o9~,pharyngealized
{o9~,mid
{o9~,back
{o9~,rounded
{o9~,vowel
{oS,overshort
{oS,mid
{oS,back
{oS,rounded
{oS,vowel
{r,voiced
{r,dental/alveolar
{r,trill
{r-,velarized
{r-,voiced
{r-,dental/alveolar
{r-,trill
{r[,voiced
{r[,dental/alveolar
{r[,flap
{r[J,palatalized
{r[J,voiced
{r[J,dental/alveolar
{r[J,flap
{r*,laryngealized
{r*,voiced
{r*,dental/alveolar
{r*,trill
{r9,pharyngealized
{r9,voiced
{r9,dental/alveolar
{r9,trill
{rA,voiced
{rA,dental/alveolar
{rA,approximant
{rF,voiced
{rF,dental/alveolar
{rF,fricative
{rF,trill
{rJ,palatalized
{rJ,voiced
{rJ,dental/alveolar
{rJ,trill
{rr,voiced
{rr,dental/alveolar
{rr,r-sound
{rr*,laryngealized
{rr*,voiced
{rr*,dental/alveolar
{rr*,r-sound
{s,voiceless
{s,dental/alveolar
{s,sibilant
{s,fricative
{s:,long
{s:,voiceless
{s:,dental/alveolar
{s:,sibilant
{s:,fricative
{s&,voiceless
{s&,dental/alveolar
{s&,sibilant
{s&,ejective
{s&,fricative
{s9,pharyngealized
{s9,voiceless
{s9,dental/alveolar
{s9,sibilant
{s9,fricative
{sh,voiceless
{sh,aspirated
{sh,dental/alveolar
{sh,sibilant
{sh,fricative
{sJ,palatalized
{sJ,voiceless
{sJ,dental/alveolar
{sJ,sibilant
{sJ,fricative
{sW,labialized
{sW,voiceless
{sW,dental/alveolar
{sW,sibilant
{sW,fricative
{sW:,long
{sW:,labialized
{sW:,voiceless
{sW:,dental/alveolar
{sW:,sibilant
{sW:,fricative
{t,voiceless
{t,dental/alveolar
{t,plosive
{t-h,velarized
{t-h,voiceless
{t-h,aspirated
{t-h,dental/alveolar
{t-h,plosive
{t:,long
{t:,voiceless
{t:,dental/alveolar
{t:,plosive
{t*,laryngealized
{t*,voiceless
{t*,dental/alveolar
{t*,plosive
{t&,voiceless
{t&,dental/alveolar
{t&,ejective
{t&,stop
{t9,pharyngealized
{t9,voiceless
{t9,dental/alveolar
{t9,plosive
{th,voiceless
{th,aspirated
{th,dental/alveolar
{th,plosive
{thh,voiceless
{thh,dental/alveolar
{thh,plosive
{thh,with
{thh,breathy
{thh,release
{tJ,palatalized
{tJ,voiceless
{tJ,dental/alveolar
{tJ,plosive
{tJh,palatalized
{tJh,voiceless
{tJh,aspirated
{tJh,dental/alveolar
{tJh,plosive
{tlF,voiceless
{tlF,dental/alveolar
{tlF,lateral
{tlF,affricate
{tlF:,long
{tlF:,voiceless
{tlF:,dental/alveolar
{tlF:,lateral
{tlF:,affricate
{tlF*,laryngealized
{tlF*,voiceless
{tlF*,dental/alveolar
{tlF*,lateral
{tlF*,affricate
{tlF&,voiceless
{tlF&,dental/alveolar
{tlF&,lateral
{tlF&,ejective
{tlF&,affricate
{tlF&:,long
{tlF&:,voiceless
{tlF&:,dental/alveolar
{tlF&:,lateral
{tlF&:,ejective
{tlF&:,affricate
{tlFh,voiceless
{tlFh,aspirated
{tlFh,dental/alveolar
{tlFh,lateral
{tlFh,affricate
{tlFW&,labialized
{tlFW&,voiceless
{tlFW&,dental/alveolar
{tlFW&,lateral
{tlFW&,ejective
{tlFW&,affricate
{tlFWh,labialized
{tlFWh,voiceless
{tlFWh,aspirated
{tlFWh,dental/alveolar
{tlFWh,lateral
{tlFWh,affricate
{ts,0voiceless
{ts,dental/alveolar
{ts,sibilant
{ts,affricate
{ts:,long
{ts:,voiceless
{ts:,dental/alveolar
{ts:,sibilant
{ts:,affricate
{ts*,laryngealized
{ts*,voiceless
{ts*,dental/alveolar
{ts*,sibilant
{ts*,affricate
{ts&,voiceless
{ts&,dental/alveolar
{ts&,sibilant
{ts&,ejective
{ts&,affricate
{ts&:,long
{ts&:,voiceless
{ts&:,dental/alveolar
{ts&:,sibilant
{ts&:,ejective
{ts&:,affricate
{tsh,voiceless
{tsh,aspirated
{tsh,dental/alveolar
{tsh,sibilant
{tsh,affricate
{tshh,voiceless
{tshh,dental/alveolar
{tshh,sibilant
{tshh,affricate
{tshh,with
{tshh,breathy
{tshh,release
{tsJ,palatalized
{tsJ,voiceless
{tsJ,dental/alveolar
{tsJ,sibilant
{tsJ,affricate
{tsW:,long
{tsW:,labialized
{tsW:,voiceless
{tsW:,dental/alveolar
{tsW:,sibilant
{tsW:,affricate
{tsW&,labialized
{tsW&,voiceless
{tsW&,dental/alveolar
{tsW&,sibilant
{tsW&,ejective
{tsW&,affricate
{tsWh,labialized
{tsWh,voiceless
{tsWh,aspirated
{tsWh,dental/alveolar
{tsWh,sibilant
{tsWh,affricate
{tW,labialized
{tW,voiceless
{tW,dental/alveolar
{tW,plosive
{tWh,labialized
{tWh,voiceless
{tWh,aspirated
{tWh,dental/alveolar
{tWh,plosive
{z,voiced
{z,dental/alveolar
{z,sibilant
{z,fricative
{z9,pharyngealized
{z9,voiced
{z9,dental/alveolar
{z9,sibilant
{z9,fricative
{zJ,palatalized
{zJ,voiced
{zJ,dental/alveolar
{zJ,sibilant
{zJ,fricative
{zW,labialized
{zW,voiced
{zW,dental/alveolar
{zW,sibilant
{zW,fricative
@,higher
@,mid
@,central
@,unrounded
@,vowel
@:,long
@:,higher
@:,mid
@:,central
@:,unrounded
@:,vowel
@),higher
@),mid
@),central
@),rounded
@),vowel
@)~,nasalized
@)~,higher
@)~,mid
@)~,central
@)~,rounded
@)~,vowel
@~,nasalized
@~,higher
@~,mid
@~,central
@~,unrounded
@~,vowel
@~:,long
@~:,nasalized
@~:,higher
@~:,mid
@~:,central
@~:,unrounded
@~:,vowel
@i,mid
@i,central
@i,unrounded
@i,to
@i,high
@i,front
@i,unrounded
@i,diphthong
@u,mid
@u,central
@u,unrounded
@u,to
@u,high
@u,back
@u,rounded
@u,diphthong
@uu,mid
@uu,central
@uu,unrounded
@uu,to
@uu,high
@uu,back
@uu,unrounded
@uu,diphthong
/,voiceless
/,alveolar
/,click
/=,voiceless
/=,palatal
/=,click
/=h,voiceless
/=h,aspirated
/=h,palatal
/=h,click
/=x,velar-fricated
/=x,voiceless
/=x,palatal
/=x,click
/h,voiceless
/h,aspirated
/h,alveolar
/h,click
/s,voiceless
/s,alveolar
/s,affricated
/s,click
/x,velar-fricated
/x,voiceless
/x,alveolar
/x,click
/xh,velar-fricated
/xh,voiceless
/xh,aspirated
/xh,alveolar
/xh,click
#,voiceless
#,alveolar
#,lateral
#,affricated
#,click
#?,glottalized
#?,voiceless
#?,alveolar
#?,lateral
#?,affricated
#?,click
#h,voiceless
#h,aspirated
#h,alveolar
#h,lateral
#h,affricated
#h,click
#j,voiceless
#j,palatal
#j,lateral
#j,affricated
#j,click
#jh,voiceless
#jh,aspirated
#jh,palatal
#jh,lateral
#jh,affricated
#jh,click
#jx,velar-fricated
#jx,voiceless
#jx,palatal
#jx,lateral
#jx,affricated
#jx,click
#xh,velar-fricated
#xh,voiceless
#xh,aspirated
#xh,alveolar
#xh,lateral
#xh,affricated
#xh,click
^,lower
^,mid
^,back
^,unrounded
^,vowel
^~,nasalized
^~,lower
^~,mid
^~,back
^~,unrounded
^~,vowel
^h,breathy
^h,voiced
^h,lower
^h,mid
^h,back
^h,unrounded
^h,vowel
|,voiceless
|,dental
|,affricated
|,click
|?,glottalized
|?,voiceless
|?,affricated
|?,dental
|?,click
|h,voiceless
|h,aspirated
|h,dental
|h,affricated
|h,click
|x,velar-fricated
|x,voiceless
|x,dental
|x,affricated
|x,click
|xh,velarized
|xh,voiceless
|xh,aspirated
|xh,dental
|xh,affricated
|xh,click
0_,voiceless
0_,palato-alveolar
0_,fricative
0D,voiceless
0D,dental
0D,fricative
3),lower
3),mid
3),central
3),rounded
3),vowel
3~,nasalized
3~,lower
3~,mid
3~,central
3~,unrounded
3~,vowel
3i,lower
3i,mid
3i,central
3i,unrounded
3i,to
3i,high
3i,front
3i,unrounded
3i,diphthong
4_,raised
4_,low
4_,back
4_,unrounded
4_,vowel
4)_,raised
4)_,low
4)_,back
4)_,rounded
4)_,vowel
4)S,overshort
4)S,raised
4)S,low
4)S,central
4)S,rounded
4)S,vowel
4S,overshort
4S,raised
4S,low
4S,central
4S,unrounded
4S,vowel
6_,voiceless
6_,palato-alveolar
6_,fricative
6D,voiced
6D,dental
6D,fricative
6DJ,palatalized
6DJ,voiced
6DJ,dental
6DJ,fricative
a,low
a,central
a,unrounded
a,vowel
a_,low
a_,back
a_,unrounded
a_,vowel
a_:,long
a_:,low
a_:,back
a_:,unrounded
a_:,vowel
a_),low
a_),back
a_),rounded
a_),vowel
a_):,long
a_):,low
a_):,back
a_):,rounded
a_):,vowel
a_)~,nasalized
a_)~,low
a_)~,back
a_)~,rounded
a_)~,vowel
a_)h,breathy
a_)h,voiced
a_)h,low
a_)h,back
a_)h,rounded
a_)h,vowel
a_)S,overshort
a_)S,low
a_)S,back
a_)S,rounded
a_)S,vowel
a_~,nasalized
a_~,low
a_~,back
a_~,unrounded
a_~,vowel
a_~:,long
a_~:,nasalized
a_~:,low
a_~:,back
a_~:,unrounded
a_~:,vowel
a_O~,nasalized
a_O~,low
a_O~,back
a_O~,unrounded
a_O~,to
a_O~,lower
a_O~,mid
a_O~,back
a_O~,rounded
a_O~,diphthong
a:,long
a:,low
a:,central
a:,unrounded
a:,vowel
a.,retroflexed
a.,low
a.,central
a.,unrounded
a.,vowel
a*,laryngealized
a*,low
a*,central
a*,unrounded
a*,vowel
a+,low
a+,front
a+,unrounded
a+,vowel
a+:,long
a+:,low
a+:,front
a+:,unrounded
a+:,vowel
a+~,nasalized
a+~,low
a+~,front
a+~,unrounded
a+~,vowel
a+i,low
a+i,front
a+i,unrounded
a+i,to
a+i,high
a+i,front
a+i,unrounded
a+i,diphthong
a+i~,nasalized
a+i~,low
a+i~,front
a+i~,unrounded
a+i~,to
a+i~,high
a+i~,front
a+i~,unrounded
a+i~,diphthong
a~,nasalized
a~,low
a~,central
a~,unrounded
a~,vowel
a~:,long
a~:,nasalized
a~:,low
a~:,central
a~:,unrounded
a~:,vowel
a~*,laryngealized
a~*,nasalized
a~*,low
a~*,central
a~*,unrounded
a~*,vowel
a9,pharyngealized
a9,low
a9,central
a9,unrounded
a9,vowel
a9:,long
a9:,pharyngealized
a9:,low
a9:,central
a9:,unrounded
a9:,vowel
a9~,nasalized
a9~,pharyngealized
a9~,low
a9~,central
a9~,unrounded
a9~,vowel
a9~:,long
a9~:,nasalized
a9~:,pharyngealized
a9~:,low
a9~:,central
a9~:,unrounded
a9~:,vowel
aa,raised
aa,low
aa,front
aa,unrounded
aa,vowel
aa:,long
aa:,raised
aa:,low
aa:,front
aa:,unrounded
aa:,vowel
aa~,nasalized
aa~,raised
aa~,low
aa~,front
aa~,unrounded
aa~,vowel
aa9,pharyngealized
aa9,raised
aa9,low
aa9,front
aa9,unrounded
aa9,vowel
aai,raised
aai,low
aai,front
aai,unrounded
aai,to
aai,high
aai,front
aai,unrounded
aai,diphthong
aau+,raised
aau+,low
aau+,front
aau+,unrounded
aau+,to
aau+,high
aau+,central
aau+,rounded
aau+,diphthong
aE,low
aE,central
aE,unrounded
aE,to
aE,lower
aE,mid
aE,front
aE,unrounded
aE,diphthong
ae,low
ae,central
ae,unrounded
ae,to
ae,mid
ae,front
ae,unrounded
ae,diphthong
ae9,pharyngealized
ae9,low
ae9,central
ae9,unrounded
ae9,to
ae9,mid
ae9,front
ae9,unrounded
ae9,diphthong
ae9~,nasalized
ae9~,pharyngealized
ae9~,low
ae9~,central
ae9~,unrounded
ae9~,to
ae9~,mid
ae9~,front
ae9~,unrounded
ae9~,diphthong
ah,breathy
ah,voiced
ah,low
ah,central
ah,unrounded
ah,vowel
ai,low
ai,central
ai,unrounded
ai,to
ai,high
ai,front
ai,unrounded
ai,diphthong
ai_,low
ai_,central
ai_,unrounded
ai_,to
ai_,high
ai_,central
ai_,unrounded
ai_,diphthong
ai~,nasalized
ai~,low
ai~,central
ai~,unrounded
ai~,to
ai~,high
ai~,front
ai~,unrounded
ai~,diphthong
aih,breathy
aih,voiced
aih,low
aih,central
aih,unrounded
aih,to
aih,high
aih,front
aih,unrounded
aih,diphthong
ao,low
ao,central
ao,unrounded
ao,to
ao,mid
ao,back
ao,rounded
ao,diphthong
ao9,pharyngealized
ao9,low
ao9,central
ao9,unrounded
ao9,to
ao9,mid
ao9,back
ao9,rounded
ao9,diphthong
ao9~,nasalized
ao9~,pharyngealized
ao9~,low
ao9~,central
ao9~,unrounded
ao9~,to
ao9~,mid
ao9~,back
ao9~,rounded
ao9~,diphthong
aS,overshort
aS,low
aS,central
aS,unrounded
aS,vowel
au,low
au,central
au,unrounded
au,to
au,high
au,back
au,rounded
au,diphthong
auh,breathy
auh,voiced
auh,low
auh,central
auh,unrounded
auh,to
auh,high
auh,back
auh,rounded
auh,diphthong
auu,low
auu,central
auu,unrounded
auu,to
auu,high
auu,back
auu,unrounded
auu,diphthong
auuh,breathy
auuh,voiced
auuh,low
auuh,central
auuh,unrounded
auuh,to
auuh,high
auuh,back
auuh,unrounded
auuh,diphthong
b,voiced
b,bilabial
b,plosive
B,voiced
B,bilabial
B,fricative
b:,long
b:,voiced
b:,bilabial
b:,plosive
b*,laryngealized
b*,voiced
b*,bilabial
b*,plosive
b&,voiced
b&,bilabial
b&,ejective
b&,stop
b<,voiced
b<,bilabial
b<,implosive
BA,voiced
BA,bilabial
BA,approximant
BA-,velarized
BA-,voiced
BA-,bilabial
BA-,approximant
BA:,long
BA:,voiced
BA:,bilabial
BA:,approximant
BAJ,palatalized
BAJ,voiced
BAJ,bilabial
BAJ,approximant
bD,voiced
bD,labiodental
bD,plosive
bh,breathy
bh,voiced
bh,bilabial
bh,plosive
bJ,palatalized
bJ,voiced
bJ,bilabial
bJ,plosive
BJ,palatalized
BJ,voiced
BJ,bilabial
BJ,fricative
bJ<,palatalized
bJ<,voiced
bJ<,bilabial
bJ<,implosive
bJh,palatalized
bJh,breathy
bJh,voiced
bJh,bilabial
bJh,plosive
bm,nasally-released
bm,voiced
bm,bilabial
bm,plosive
bv,voiced
bv,labio-dental
bv,affricate
bW,labialized
bW,voiced
bW,bilabial
bW,plosive
bW-,labialized
bW-,velarized
bW-,voiced
bW-,bilabial
bW-,plosive
C,voiceless
C,palatal
C,fricative
c,voiceless
c,palatal
c,plosive
c:,long
c:,voiceless
c:,palatal
c:,plosive
c&,voiceless
c&,palatal
c&,ejective
c&,stop
C$,voiceless
C$,palatal
C$,sibilant
C$,fricative
C$&,voiceless
C$&,palatal
C$&,sibilant
C$&,ejective
C$&,fricative
cC,voiceless
cC,palatal
cC,affricate
cC$,voiceless
cC$,palatal
cC$,sibilant
cC$,affricate
cC$&,voiceless
cC$&,palatal
cC$&,sibilant
cC$&,ejective
cC$&,affricate
cC$h,voiceless
cC$h,aspirated
cC$h,palatal
cC$h,sibilant
cC$h,affricate
cCh,voiceless
cCh,aspirated
cCh,palatal
cCh,affricate
cCW,labialized
cCW,voiceless
cCW,palatal
cCW,affricate
ch,voiceless
ch,aspirated
ch,palatal
ch,plosive
CW,labialized
CW,voiceless
CW,palatal
CW,fricative
d,voiced
d,alveolar
d,plosive
d_,voiced
d_,palato-alveolar
d_,plosive
d_*,laryngealized
d_*,voiced
d_*,palato-alveolar
d_*,plosive
d_<,voiced
d_<,palato-alveolar
d_<,implosive
d_n,nasally-released
d_n,voiced
d_n,palato-alveolar
d_n,plosive
d-,velarized
d-,voiced
d-,alveolar
d-,plosive
d.,voiced
d.,retroflex
d.,plosive
d.*,laryngealized
d.*,voiced
d.*,retroflex
d.*,plosive
d.<,voiced
d.<,retroflex
d.<,implosive
d.h,breathy
d.h,voiced
d.h,retroflex
d.h,plosive
d.n,nasally-released
d.n,voiced
d.n,retroflex
d.n,plosive
d.r,voiced
d.r,retroflex
d.r,affricated
d.r,trill
d.z,voiced
d.z,retroflex
d.z,sibilant
d.z,affricate
d*,laryngealized
d*,voiced
d*,alveolar
d*,plosive
d&,voiced
d&,alveolar
d&,ejective
d&,stop
d<,voiced
d<,alveolar
d<,implosive
dD,voiced
dD,dental
dD,plosive
dD*,laryngealized
dD*,voiced
dD*,dental
dD*,plosive
dD<,voiced
dD<,dental
dD<,implosive
dD6,voiced
dD6,dental
dD6,affricate
dD9,pharyngealized
dD9,voiced
dD9,dental
dD9,plosive
dDh,breathy
dDh,voiced
dDh,dental
dDh,plosive
dDJ,palatalized
dDJ,voiced
dDJ,dental
dDJ,plosive
dDn,nasally
dDn,released
dDn,voiced
dDn,dental
dDn,plosive
dDz,voiced
dDz,dental
dDz,sibilant
dDz,affricate
dJ,palatalized
dJ,voiced
dJ,alveolar
dJ,plosive
dj,voiced
dj,palatal
dj,plosive
dj:,long
dj:,voiced
dj:,palatal
dj:,plosive
dj*,laryngealized
dj*,voiced
dj*,palatal
dj*,plosive
dj<,voiced
dj<,palatal
dj<,implosive
djjF,voiced
djjF,palatal
djjF,affricate
djjFW,labialized
djjFW,voiced
djjFW,palatal
djjFW,affricate
djz$,voiced
djz$,sibilant
djz$,palatal
djz$,affricate
dlD,voiced
dlD,prestopped
dlD,dental
dlD,lateral
dlD,approximant
dlF,voiced
dlF,alveolar
dlF,lateral
dlF,affricate
dn,nasally-released
dn,voiced
dn,alveolar
dn,plosive
dZ,voiced
dZ,palato-alveolar
dZ,sibilant
dZ,affricate
dz,voiced
dz,alveolar
dz,sibilant
dz,affricate
dz-,velarized
dz-,voiced
dz-,alveolar
dz-,sibilant
dz-,affricate
dZ-,velarized
dZ-,voiced
dZ-,palato-alveolar
dZ-,sibilant
dZ-,affricate
dZ&,voiced
dZ&,palato-alveolar
dZ&,sibilant
dZ&,ejective
dZ&,affricate
dz&,voiced
dz&,alveolar
dz&,sibilant
dz&,ejective
dz&,affricate
dZh,breathy
dZh,voiced
dZh,palato-alveolar
dZh,sibilant
dZh,affricate
dzh,breathy
dzh,voiced
dzh,alveolar
dzh,sibilant
dzh,affricate
dZJ,palatalized
dZJ,voiced
dZJ,palato-alveolar
dZJ,sibilant
dZJ,affricate
dZW,labialized
dZW,voiced
dZW,palato-alveolar
dZW,sibilant
dZW,affricate
e,higher
e,mid
e,front
e,unrounded
e,vowel
E,lower
E,mid
E,front
E,unrounded
E,vowel
e_,higher
e_,mid
e_,retracted
e_,front
e_,unrounded
e_,vowel
e:,long
e:,higher
e:,mid
e:,front
e:,unrounded
e:,vowel
E:,long
E:,lower
E:,mid
E:,front
E:,unrounded
E:,vowel
E),lower
E),mid
E),front
E),rounded
E),vowel
E)~,nasalized
E)~,lower
E)~,mid
E)~,front
E)~,rounded
E)~,vowel
e@,mid
e@,front
e@,unrounded
e@,to
e@,mid
e@,central
e@,unrounded
e@,diphthong
e*,laryngealized
e*,higher
e*,mid
e*,front
e*,unrounded
e*,vowel
E*,laryngealized
E*,lower
E*,mid
E*,front
E*,unrounded
E*,vowel
E~,nasalized
E~,lower
E~,mid
E~,front
E~,unrounded
E~,vowel
e~,nasalized
e~,higher
e~,mid
e~,front
e~,unrounded
e~,vowel
e~:,long
e~:,nasalized
e~:,higher
e~:,mid
e~:,front
e~:,unrounded
e~:,vowel
E~:,long
E~:,nasalized
E~:,lower
E~:,mid
E~:,front
E~:,unrounded
E~:,vowel
ea,mid
ea,front
ea,unrounded
ea,to
ea,low
ea,central
ea,unrounded
ea,diphthong
eh,breathy
eh,voiced
eh,higher
eh,mid
eh,front
eh,unrounded
eh,vowel
Eh,breathy
Eh,voiced
Eh,lower-mid
Eh,front
Eh,unrounded
Eh,vowel
Ei,lower
Ei,mid
Ei,front
Ei,unrounded
Ei,to
Ei,high
Ei,front
Ei,unrounded
Ei,diphthong
ei,mid
ei,front
ei,unrounded
ei,to
ei,high
ei,front
ei,unrounded
ei,diphthong
ei~,nasalized
ei~,mid
ei~,front
ei~,unrounded
ei~,to
ei~,high
ei~,front
ei~,unrounded
ei~,diphthong
Eo,lower
Eo,mid
Eo,front
Eo,unrounded
Eo,to
Eo,mid
Eo,back
Eo,rounded
Eo,diphthong
eo,mid
eo,front
eo,unrounded
eo,to
eo,mid
eo,back
eo,rounded
eo,diphthong
EO~,nasalized
EO~,lower
EO~,mid
EO~,front
EO~,unrounded
EO~,to
EO~,lower
EO~,mid
EO~,back
EO~,rounded
EO~,diphthong
ES,overshort
ES,lower
ES,mid
ES,front
ES,unrounded
ES,vowel
eu,mid
eu,front
eu,unrounded
eu,to
eu,high
eu,back
eu,rounded
eu,diphthong
eu~,nasalized
eu~,mid
eu~,front
eu~,unrounded
eu~,to
eu~,high
eu~,back
eu~,rounded
eu~,diphthong
Euu,lower
Euu,mid
Euu,front
Euu,unrounded
Euu,to
Euu,high
Euu,back
Euu,unrounded
Euu,diphthong
f,voiceless
f,labio-dental
f,fricative
f:,long
f:,voiceless
f:,labio-dental
f:,fricative
f&,voiceless
f&,labio-dental
f&,ejective
f&,fricative
fJ,palatalized
fJ,voiceless
fJ,labio-dental
fJ,fricative
fW,labialized
fW,voiceless
fW,labiodental
fW,fricative
g,voiced
g,velar
g,plosive
G,voiced
G,uvular
G,plosive
g!,voiced
g!,palatal-alveolar
g!,click
g/,voiced
g/,alveolar
g/,click
g/=,voiced
g/=,palatal
g/=,click
g/=h,breathy
g/=h,voiced
g/=h,palatal
g/=h,click
g/=x,velar-fricated
g/=x,voiced
g/=x,palatal
g/=x,click
g/=x?,glottalized
g/=x?,velar-fricated
g/=x?,voiced
g/=x?,palatal
g/=x?,click
g/h,breathy
g/h,voiced
g/h,alveolar
g/h,click
g/x,velar-fricated
g/x,voiced
g/x,alveolar
g/x,click
g/x?,glottalized
g/x?,velar-fricated
g/x?,voiced
g/x?,alveolar
g/x?,click
g&,voiced
g&,velar
g&,ejective
g&,stop
g#,voiced
g#,alveolar
g#,lateral
g#,affricated
g#,click
g#j,voiced
g#j,palatal
g#j,lateral
g#j,affricated
g#j,click
g#jh,breathy
g#jh,voiced
g#jh,palatal
g#jh,lateral
g#jh,affricated
g#jh,click
g#jx,velar-fricated
g#jx,voiced
g#jx,palatal
g#jx,lateral
g#jx,affricated
g#jx,click
g#jx?,glottalized
g#jx?,velar-fricated
g#jx?,voiced
g#jx?,palatal
g#jx?,lateral
g#jx?,affricated
g#jx?,click
G<,voiced
G<,uvular
G<,implosive
g<,voiced
g<,velar
g<,implosive
g|,voiced
g|,dental
g|,affricated
g|,click
g|h,breathy
g|h,voiced
g|h,dental
g|h,affricated
g|h,click
g|x,velar-fricated
g|x,voiced
g|x,dental
g|x,affricated
g|x,click
g|x?,glottalized
g|x?,velar-fricated
g|x?,voiced
g|x?,dental
g|x?,affricated
g|x?,click
G9,pharyngealized
G9,voiced
G9,uvular
G9,plosive
gA,voiced
gA,velar
gA,approximant
gA*,laryngealized
gA*,voiced
gA*,velar
gA*,approximant
gb,voiced
gb,labial-velar
gb,plosive
gbW,labialized
gbW,voiced
gbW,labio-velar
gbW,plosive
gF,voiced
gF,velar
gF,fricative
gF*,laryngealized
gF*,voiced
gF*,velar
gF*,fricative
gFJ,palatalized
gFJ,voiced
gFJ,velar
gFJ,fricative
gFW,labialized
gFW,voiced
gFW,velar
gFW,fricative
gh,breathy
gh,voiced
gh,velar
gh,plosive
gJ,palatalized
gJ,voiced
gJ,velar
gJ,plosive
gL,laterally-released
gL,voiced
gL,velar
gL,plosive
gn,nasally-released
gn,voiced
gn,velar
gn,plosive
gW,labialized
gW,voiced
gW,velar
gW,plosive
GW,labialized
GW,voiced
GW,uvular
GW,plosive
GW9,labialized
GW9,pharyngealized
GW9,voiced
GW9,uvular
GW9,plosive
gWh,labialized
gWh,breathy
gWh,voiced
gWh,velar
gWh,plosive
h,voiceless
H,voiceless
H,pharyngeal
H,fricative
h*,laryngealized
h*,voiceless
h*,h
h2,voiced
h2,h
ha,voiceless
ha,low
ha,central
ha,unrounded
ha,vowel
hh,voiced
hh,higher
hi,voiceless
hi,high
hi,front
hi,unrounded
hi,vowel
hJ,palatalized
hJ,voiceless
hJ,h
hj,voiceless
hj,palatal
hj,approximant
hk,voiceless
hk,preaspirated
hk,velar
hk,plosive
hl,voiceless
hl,alveolar
hl,lateral
hl,approximant
hl-,velarized
hl-,voiceless
hl-,alveolar
hl-,lateral
hl-,approximant
hl.,voiceless
hl.,retroflex
hl.,lateral
hl.,approximant
hlD,voiceless
hlD,dental
hlD,lateral
hlD,approximant
hlDF,voiceless
hlDF,dental
hlDF,lateral
hlDF,fricative
hlDF:,long
hlDF:,voiceless
hlDF:,dental
hlDF:,lateral
hlDF:,fricative
hlDFJ,palatalized
hlDFJ,voiceless
hlDFJ,dental
hlDFJ,lateral
hlDFJ,fricative
hlDFJ&,palatalized
hlDFJ&,voiceless
hlDFJ&,dental
hlDFJ&,lateral
hlDFJ&,ejective
hlDFJ&,fricative
hLF,voiceless
hLF,velar
hLF,lateral
hLF,fricative
hlF,voiceless
hlF,alveolar
hlF,lateral
hlF,fricative
hlFJ,palatalized
hlFJ,voiceless
hlFJ,alveolar
hlFJ,lateral
hlFJ,fricative
hlJ,palatalized
hlJ,voiceless
hlJ,alveolar
hlJ,lateral
hlJ,approximant
hm,voiceless
hm,bilabial
hm,nasal
hN,voiceless
hN,velar
hN,nasal
hn,voiceless
hn,alveolar
hn,nasal
hn_,voiceless
hn_,palatal-alveolar
hn_,nasal
hn-,velarized
hn-,voiceless
hn-,alveolar
hn-,nasal
hn!?,glottalized
hn!?,nasalized
hn!?,voiceless
hn!?,palato-alveolar
hn!?,click
hn!h,nasalized
hn!h,voiceless
hn!h,aspirated
hn!h,palato-alveolar
hn!h,click
hn.,voiceless
hn.,retroflex
hn.,nasal
hn/?,glottalized
hn/?,nasalized
hn/?,voiceless
hn/?,alveolar
hn/?,click
hn/=?,glottalized
hn/=?,nasalized
hn/=?,voiceless
hn/=?,palatal
hn/=?,click
hn/=h,nasalized
hn/=h,voiceless
hn/=h,aspirated
hn/=h,palatal
hn/=h,click
hn/=x?,glottalized
hn/=x?,nasalized
hn/=x?,velar-fricated
hn/=x?,voiceless
hn/=x?,palatal
hn/=x?,click
hn/h,nasalized
hn/h,voiceless
hn/h,aspirated
hn/h,alveolar
hn/h,click
hn/x?,glottalized
hn/x?,nasalized
hn/x?,velarized
hn/x?,voiceless
hn/x?,alveolar
hn/x?,click
hn#?,glottalized
hn#?,nasalized
hn#?,voiceless
hn#?,alveolar
hn#?,lateral
hn#?,affricated
hn#?,click
hn#h,nasalized
hn#h,voiceless
hn#h,aspirated
hn#h,alveolar
hn#h,lateral
hn#h,affricated
hn#h,click
hn#j?,glottalized
hn#j?,nasalized
hn#j?,voiceless
hn#j?,palatal
hn#j?,lateral
hn#j?,affricated
hn#j?,click
hn#jh,nasalized
hn#jh,voiceless
hn#jh,aspirated
hn#jh,palatal
hn#jh,lateral
hn#jh,affricated
hn#jh,click
hn#jx?,glottalized
hn#jx?,nasalized
hn#jx?,velar-fricated
hn#jx?,voiceless
hn#jx?,palatal
hn#jx?,lateral
hn#jx?,affricated
hn#jx?,click
hn|?,glottalized
hn|?,nasalized
hn|?,voiceless
hn|?,dental
hn|?,affricated
hn|?,click
hn|h,nasalized
hn|h,voiceless
hn|h,aspirated
hn|h,dental
hn|h,affricated
hn|h,click
hn|x?,glottalized
hn|x?,nasalized
hn|x?,velar-fricated
hn|x?,voiceless
hn|x?,dental
hn|x?,affricated
hn|x?,click
hnD,voiceless
hnD,dental
hnD,nasal
hnJ,palatalized
hnJ,voiceless
hnJ,alveolar
hnJ,nasal
hnj,voiceless
hnj,palatal
hnj,nasal
hNJ,palatalized
hNJ,voiceless
hNJ,velar
hNJ,nasal
hNm,voiceless
hNm,labial-velar
hNm,nasal
hNW,labialized
hNW,voiceless
hNW,velar
hNW,nasal
hp,voiceless
hp,preaspirated
hp,bilabial
hp,plosive
hr,voiceless
hr,alveolar
hr,trill
hr[-,velarized
hr[-,voiceless
hr[-,alveolar
hr[-,flap
hr[J,palatalized
hr[J,voiceless
hr[J,alveolar
hr[J,flap
hS,voiceless
hS,preaspirated
hS,palatal-alveolar
hS,sibilant
hS,fricative
ht,voiceless
ht,preaspirated
ht,alveolar
ht,plosive
htS,voiceless
htS,preaspirated
htS,palato-alveolar
htS,sibilant
htS,affricate
hu,voiceless
hu,high
hu,back
hu,rounded
hu,vowel
hw,voiceless
hw,labial-velar
hw,approximant
hW,labialized
hW,voiceless
hW,h
hxlF,voiceless
hxlF,velar-alveolar
hxlF,lateral
hxlF,fricative
I,lowered
I,high
I,front
I,unrounded
I,vowel
i,high
i,front
i,unrounded
i,vowel
i_,high
i_,central
i_,unrounded
i_,vowel
I_,lowered
I_,high
I_,central
I_,unrounded
I_,vowel
i_:,long
i_:,high
i_:,central
i_:,unrounded
i_:,vowel
i_.,retroflexed
i_.,high
i_.,central
i_.,unrounded
i_.,vowel
i_@,high
i_@,central
i_@,unrounded
i_@,to
i_@,mid
i_@,central
i_@,unrounded
i_@,diphthong
i_~,nasalized
i_~,high
i_~,central
i_~,unrounded
i_~,vowel
I_~,nasalized
I_~,lowered
I_~,high
I_~,central
I_~,unrounded
I_~,vowel
i_~:,long
i_~:,nasalized
i_~:,high
i_~:,central
i_~:,unrounded
i_~:,vowel
i_a,high
i_a,central
i_a,unrounded
i_a,to
i_a,low
i_a,central
i_a,unrounded
i_a,diphthong
i_i,high
i_i,central
i_i,unrounded
i_i,to
i_i,high
i_i,front
i_i,unrounded
i_i,diphthong
i_i~,nasalized
i_i~,high
i_i~,central
i_i~,unrounded
i_i~,to
i_i~,high
i_i~,front
i_i~,unrounded
i_i~,diphthong
i_S,overshort
i_S,high
i_S,central
i_S,unrounded
i_S,vowel
i-,high
i-,front
i-,unrounded
i-,vowel
i-,with
i-,velar
i-,stricture
i:,long
i:,high
i:,front
i:,unrounded
i:,vowel
i@,high
i@,front
i@,unrounded
i@,to
i@,mid
i@,central
i@,unrounded
i@,diphthong
i@h,breathy
i@h,voiced
i@h,high
i@h,front
i@h,unrounded
i@h,to
i@h,mid
i@h,central
i@h,unrounded
i@h,diphthong
i*,laryngealized
i*,high
i*,front
i*,unrounded
i*,vowel
i^,high
i^,front
i^,unrounded
i^,to
i^,lower
i^,mid
i^,back
i^,unrounded
i^,diphthong
I~,nasalized
I~,lowered
I~,high
I~,front
I~,unrounded
I~,vowel
i~,nasalized
i~,high
i~,front
i~,unrounded
i~,vowel
i~-,nasalized
i~-,high
i~-,front
i~-,unrounded
i~-,vowel
i~-,with
i~-,velar
i~-,stricture
i~:,long
i~:,nasalized
i~:,high
i~:,front
i~:,unrounded
i~:,vowel
i~*,laryngealized
i~*,nasalized
i~*,high
i~*,front
i~*,unrounded
i~*,vowel
I9,pharyngealized
I9,lowered
I9,high
I9,front
I9,unrounded
I9,vowel
i9,pharyngealized
i9,high
i9,front
i9,unrounded
i9,vowel
i9:,long
i9:,pharyngealized
i9:,high
i9:,front
i9:,unrounded
i9:,vowel
ia,high
ia,front
ia,unrounded
ia,to
ia,low
ia,central
ia,unrounded
ia,diphthong
ia+,high
ia+,front
ia+,unrounded
ia+,to
ia+,low
ia+,front
ia+,unrounded
ia+,diphthong
iah,breathy
iah,voiced
iah,high
iah,front
iah,unrounded
iah,to
iah,low
iah,central
iah,unrounded
iah,diphthong
ie,high
ie,front
ie,unrounded
ie,to
ie,mid
ie,front
ie,unrounded
ie,diphthong
iE,high
iE,front
iE,unrounded
iE,to
iE,lower
iE,mid
iE,front
iE,unrounded
iE,diphthong
Ie,lowered
Ie,high
Ie,front
Ie,unrounded
Ie,to
Ie,mid
Ie,front
Ie,unrounded
Ie,diphthong
ie~,nasalized
ie~,high
ie~,front
ie~,unrounded
ie~,to
ie~,mid
ie~,front
ie~,unrounded
ie~,diphthong
iEh,breathy
iEh,voiced
iEh,high
iEh,front
iEh,unrounded
iEh,to
iEh,lower
iEh,mid
iEh,front
iEh,unrounded
iEh,diphthong
iF,fricative
iF,high
iF,front
iF,unrounded
iF,vowel
ih,breathy
ih,voiced
ih,high
ih,front
ih,unrounded
ih,vowel
io,high
io,front
io,unrounded
io,to
io,mid
io,back
io,rounded
io,diphthong
iS,overshort
iS,high
iS,front
iS,unrounded
iS,vowel
IS,overshort
IS,lowered
IS,high
IS,front
IS,unrounded
IS,vowel
iu,high
iu,front
iu,unrounded
iu,to
iu,high
iu,back
iu,rounded
iu,diphthong
iuh,breathy
iuh,voiced
iuh,high
iuh,front
iuh,unrounded
iuh,to
iuh,high
iuh,back
iuh,rounded
iuh,diphthong
j,voiced
j,palatal
j,approximant
j_,voiced
j_,palatal-alveolar
j_,approximant
j*,laryngealized
j*,voiced
j*,palatal
j*,approximant
j~,nasalized
j~,voiced
j~,palatal
j~,approximant
jF,voiced
jF,palatal
jF,fricative
k,voiceless
k,velar
k,plosive
k:,long
k:,voiceless
k:,velar
k:,plosive
k*,laryngealized
k*,voiceless
k*,velar
k*,plosive
k&,voiceless
k&,velar
k&,ejective
k&,stop
k9,pharyngealized
k9,voiceless
k9,velar
k9,plosive
kh,voiceless
kh,aspirated
kh,velar
kh,plosive
khh,voiceless
khh,velar
khh,plosive
khh,with
khh,breathy
khh,release
kJ,palatalized
kJ,voiceless
kJ,velar
kJ,plosive
kJ&,palatalized
kJ&,voiceless
kJ&,velar
kJ&,ejective
kJ&,stop
kJh,palatalized
kJh,voiceless
kJh,aspirated
kJh,velar
kJh,plosive
klF,voiceless
klF,velar
klF,plosive
klF,with
klF,alveolar
klF,lateral
klF,fricative
klF,release
klF&,voiceless
klF&,velar
klF&,lateral
klF&,ejective
klF&,affricate
kp,voiceless
kp,labial-velar
kp,plosive
kph,voiceless
kph,aspirated
kph,labial-velar
kph,plosive
kpW,labialized
kpW,voiceless
kpW,labio-velar
kpW,plosive
kW,labialized
kW,voiceless
kW,velar
kW,plosive
kW:,long
kW:,labialized
kW:,voiceless
kW:,velar
kW:,plosive
kW*,laryngealized
kW*,labialized
kW*,voiceless
kW*,velar
kW*,plosive
kW&,labialized
kW&,voiceless
kW&,velar
kW&,ejective
kW&,stop
kWh,labialized
kWh,voiceless
kWh,aspirated
kWh,velar
kWh,plosive
kx,voiceless
kx,velar
kx,affricate
kx:,long
kx:,voiceless
kx:,velar
kx:,affricate
kx&:,long
kx&:,voiceless
kx&:,velar
kx&:,ejective
kx&:,affricate
kxh,voiceless
kxh,aspirated
kxh,velar
kxh,affricate
kxWh,labialized
kxWh,voiceless
kxWh,aspirated
kxWh,velar
kxWh,affricate
L,voiced
L,velar
L,lateral
L,approximant
l,voiced
l,alveolar
l,lateral
l,approximant
l_,voiced
l_,palato-alveolar
l_,lateral
l_,approximant
l_h,breathy
l_h,voiced
l_h,palato-alveolar
l_h,lateral
l_h,approximant
l-,velarized
l-,voiced
l-,alveolar
l-,lateral
l-,approximant
l.,voiced
l.,retroflex
l.,lateral
l.,approximant
l.[,voiced
l.[,retroflex
l.[,lateral
l.[,flap
l.[*,laryngealized
l.[*,voiced
l.[*,retroflex
l.[*,lateral
l.[*,flap
l.F,voiced
l.F,retroflex
l.F,lateral
l.F,fricative
l[,voiced
l[,alveolar
l[,lateral
l[,flap
l[J,palatalized
l[J,voiced
l[J,alveolar
l[J,lateral
l[J,flap
l*,laryngealized
l*,voiced
l*,alveolar
l*,lateral
l*,approximant
l~,nasalized
l~,voiced
l~,alveolar
l~,lateral
l~,approximant
l9,pharyngealized
l9,voiced
l9,alveolar
l9,lateral
l9,approximant
lD,voiced
lD,dental
lD,lateral
lD,approximant
lD-,velarized
lD-,voiced
lD-,dental
lD-,lateral
lD-,approximant
lD:,long
lD:,voiced
lD:,dental
lD:,lateral
lD:,approximant
lDF,voiced
lDF,dental
lDF,lateral
lDF,fricative
lDFJ,palatalized
lDFJ,voiced
lDFJ,dental
lDFJ,lateral
lDFJ,fricative
lDJ,palatalized
lDJ,voiced
lDJ,dental
lDJ,lateral
lDJ,approximant
lF,voiced
lF,alveolar
lF,lateral
lF,fricative
lFJ,palatalized
lFJ,voiced
lFJ,alveolar
lFJ,lateral
lFJ,fricative
lJ,palatalized
lJ,voiced
lJ,alveolar
lJ,lateral
lJ,approximant
lj,voiced
lj,palatal
lj,lateral
lj,approximant
m,voiced
m,bilabial
m,nasal
m:,long
m:,voiced
m:,bilabial
m:,nasal
m*,laryngealized
m*,voiced
m*,bilabial
m*,nasal
mb,prenasalized
mb,voiced
mb,bilabial
mb,plosive
mbJ,prenasalized
mbJ,palatalized
mbJ,voiced
mbJ,bilabial
mbJ,plosive
mbW,prenasalized
mbW,labialized
mbW,voiced
mbW,bilabial
mbW,plosive
mD,voiced
mD,labio-dental
mD,nasal
mh,breathy
mh,voiced
mh,bilabial
mh,nasal
mJ,palatalized
mJ,voiced
mJ,bilabial
mJ,nasal
mp,prenasalized
mp,voiceless
mp,bilabial
mp,plosive
mph,prenasalized
mph,voiceless
mph,aspirated
mph,bilabial
mph,plosive
mv,prenasalized
mv,voiced
mv,labiodental
mv,fricative
mW,labialized
mW,voiced
mW,bilabial
mW,nasal
mW-,labialized
mW-,velarized
mW-,voiced
mW-,bilabial
mW-,nasal
N,voiced
N,velar
N,nasal
n,voiced
n,alveolar
n,nasal
n_,voiced
n_,palato-alveolar
n_,nasal
n_h,breathy
n_h,voiced
n_h,palato-alveolar
n_h,nasal
n-,velarized
n-,voiced
n-,alveolar
n-,nasal
n:,long
n:,voiced
n:,alveolar
n:,nasal
n!,nasalized
n!,voiced
n!,palato-alveolar
n!,click
n.,voiced
n.,retroflex
n.,nasal
N*,laryngealized
N*,voiced
N*,velar
N*,nasal
n*,laryngealized
n*,voiced
n*,alveolar
n*,nasal
n/,nasalized
n/,voiced
n/,alveolar
n/,click
n/=,nasalized
n/=,voiced
n/=,palatal
n/=,click
n/=h,nasalized
n/=h,breathy
n/=h,voiced
n/=h,palatal
n/=h,click
n/h,nasalized
n/h,breathy
n/h,voiced
n/h,alveolar
n/h,click
n#,nasalized
n#,voiced
n#,alveolar
n#,lateral
n#,affricated
n#,click
n#j,nasalized
n#j,voiced
n#j,palatal
n#j,lateral
n#j,affricated
n#j,click
n#jh,nasalized
n#jh,breathy
n#jh,voiced
n#jh,palatal
n#jh,lateral
n#jh,affricated
n#jh,click
n|,nasalized
n|,voiced
n|,dental
n|,affricated
n|,click
n|h,nasalized
n|h,breathy
n|h,voiced
n|h,dental
n|h,affricated
n|h,click
N9,pharyngealized
N9,voiced
N9,velar
N9,nasal
nc,prenasalized
nc,voiceless
nc,palatal
nc,plosive
ncC$,prenasalized
ncC$,voiceless
ncC$,palatal
ncC$,sibilant
ncC$,affricate
nd,prenasalized
nd,voiced
nd,alveolar
nd,plosive
nD,voiced
nD,dental
nD,nasal
nd_,prenasalized
nd_,voiced
nd_,palato-alveolar
nd_,plosive
nd.,prenasalized
nd.,voiced
nd.,retroflex
nd.,plosive
nd.z,prenasalized
nd.z,voiced
nd.z,retroflex
nd.z,sibilant
nd.z,affricate
nD*,laryngealized
nD*,voiced
nD*,dental
nD*,nasal
ndD,prenasalized
ndD,voiced
ndD,dental
ndD,plosive
ndDz,prenasalized
ndDz,voiced
ndDz,dental
ndDz,sibilant
ndDz,affricate
nDh,breathy
nDh,voiced
nDh,dental
nDh,nasal
ndJ,prenasalized
ndJ,palatalized
ndJ,voiced
ndJ,alveolar
ndJ,plosive
nDJ,palatalized
nDJ,voiced
nDJ,dental
nDJ,nasal
ndj,prenasalized
ndj,voiced
ndj,palatal
ndj,plosive
ndjjF,prenasalized
ndjjF,voiced
ndjjF,palatal
ndjjF,affricate
ndjz$,prenasalized
ndjz$,voiced
ndjz$,palatal
ndjz$,sibilant
ndjz$,affricate
ndZ,prenasalized
ndZ,voiced
ndZ,palato-alveolar
ndZ,sibilant
ndZ,affricate
ndz,prenasalized
ndz,voiced
ndz,alveolar
ndz,sibilant
ndz,affricate
Ng,prenasalized
Ng,voiced
Ng,velar
Ng,plosive
NgW,prenasalized
NgW,labialized
NgW,voiced
NgW,velar
NgW,plosive
Nh,breathy
Nh,voiced
Nh,velar
Nh,nasal
NJ,palatalized
NJ,voiced
NJ,velar
NJ,nasal
nJ,palatalized
nJ,voiced
nJ,alveolar
nJ,nasal
nj,voiced
nj,palatal
nj,nasal
nj:,long
nj:,voiced
nj:,palatal
nj:,nasal
nj*,laryngealized
nj*,voiced
nj*,palatal
nj*,nasal
njW,labialized
njW,voiced
njW,palatal
njW,nasal
Nk,prenasalized
Nk,voiceless
Nk,velar
Nk,plosive
Nkh,prenasalized
Nkh,voiceless
Nkh,aspirated
Nkh,velar
Nkh,plosive
NkJ,prenasalized
NkJ,palatalized
NkJ,voiceless
NkJ,velar
NkJ,plosive
NkW,prenasalized
NkW,labialized
NkW,voiceless
NkW,velar
NkW,plosive
Nm,voiced
Nm,labial-velar
Nm,nasal
Nmgb,prenasalized
Nmgb,voiced
Nmgb,labial-velar
Nmgb,plosive
Nq,prenasalized
Nq,voiceless
Nq,uvular
Nq,plosive
Nqh,prenasalized
Nqh,voiceless
Nqh,aspirated
Nqh,uvular
Nqh,plosive
nr,prenasalized
nr,voiced
nr,alveolar
nr,trill
nt,prenasalized
nt,voiceless
nt,alveolar
nt,plosive
nt_,prenasalized
nt_,voiceless
nt_,palato-alveolar
nt_,plosive
nt.,prenasalized
nt.,voiceless
nt.,retroflex
nt.,plosive
nt.s,prenasalized
nt.s,voiceless
nt.s,retroflex
nt.s,sibilant
nt.s,affricate
nt.sh,prenasalized
nt.sh,voiceless
nt.sh,aspirated
nt.sh,retroflex
nt.sh,sibilant
nt.sh,affricate
ntD,prenasalized
ntD,voiceless
ntD,dental
ntD,plosive
ntDh,prenasalized
ntDh,voiceless
ntDh,aspirated
ntDh,dental
ntDh,plosive
ntDs,prenasalized
ntDs,voiceless
ntDs,dental
ntDs,sibilant
ntDs,affricate
ntDsh,prenasalized
ntDsh,voiceless
ntDsh,aspirated
ntDsh,dental
ntDsh,sibilant
ntDsh,affricate
ntS,prenasalized
ntS,voiceless
ntS,palato-alveolar
ntS,sibilant
ntS,affricate
ntSh,prenasalized
ntSh,voiceless
ntSh,aspirated
ntSh,palato-alveolar
ntSh,sibilant
ntSh,affricate
nU,voiced
nU,uvular
nU,nasal
NW,labialized
NW,voiced
NW,velar
NW,nasal
nz,prenasalized
nz,voiced
nz,alveolar
nz,sibilant
nz,fricative
nZ,prenasalized
nZ,voiced
nZ,palato-alveolar
nZ,sibilant
nZ,fricative
nzD,prenasalized
nzD,voiced
nzD,dental
nzD,sibilant
nzD,fricative
o,higher
o,mid
o,back
o,rounded
o,vowel
O,lower
O,mid
O,back
O,rounded
O,vowel
o:,long
o:,higher
o:,mid
o:,back
o:,rounded
o:,vowel
O:,long
O:,lower
O:,mid
O:,back
O:,rounded
O:,vowel
o(,higher
o(,mid
o(,back
o(,unrounded
o(,vowel
o(+,fronted
o(+,higher
o(+,mid
o(+,back
o(+,unrounded
o(+,vowel
o(h,breathy
o(h,voiced
o(h,higher
o(h,mid
o(h,back
o(h,unrounded
o(h,vowel
o(i,higher
o(i,mid
o(i,back
o(i,unrounded
o(i,to
o(i,high
o(i,front
o(i,unrounded
o(i,diphthong
o(ih,breathy
o(ih,voiced
o(ih,higher
o(ih,mid
o(ih,back
o(ih,unrounded
o(ih,to
o(ih,high
o(ih,front
o(ih,unrounded
o(ih,diphthong
o*,laryngealized
o*,higher
o*,mid
o*,back
o*,rounded
o*,vowel
O*,laryngealized
O*,lower
O*,mid
O*,back
O*,rounded
O*,vowel
o/,higher
o/,mid
o/,front
o/,rounded
o/,vowel
o/_,higher
o/_,mid
o/_,retracted
o/_,front
o/_,rounded
o/_,vowel
o/:,long
o/:,higher
o/:,mid
o/:,front
o/:,rounded
o/:,vowel
o/S,overshort
o/S,higher
o/S,mid
o/S,front
o/S,rounded
o/S,vowel
o/y,higher
o/y,mid
o/y,front
o/y,rounded
o/y,to
o/y,high
o/y,front
o/y,rounded
o/y,diphthong
o+,fronted
o+,higher
o+,mid
o+,back
o+,rounded
o+,vowel
O~,nasalized
O~,lower
O~,mid
O~,back
O~,rounded
O~,vowel
o~,nasalized
o~,higher
o~,mid
o~,back
o~,rounded
o~,vowel
o~:,long
o~:,nasalized
o~:,higher
o~:,mid
o~:,back
o~:,rounded
o~:,vowel
O~:,long
O~:,nasalized
O~:,lower
O~:,mid
O~:,back
O~:,rounded
O~:,vowel
O9,pharyngealized
O9,lower
O9,mid
O9,back
O9,rounded
O9,vowel
O9~:,long
O9~:,nasalized
O9~:,pharyngealized
O9~:,lower
O9~:,mid
O9~:,back
O9~:,rounded
O9~:,vowel
oa,mid
oa,back
oa,rounded
oa,to
oa,low
oa,central
oa,unrounded
oa,diphthong
oa~,nasalized
oa~,mid
oa~,back
oa~,rounded
oa~,to
oa~,low
oa~,central
oa~,unrounded
oa~,diphthong
oa9,pharyngealized
oa9,mid
oa9,back
oa9,rounded
oa9,to
oa9,low
oa9,central
oa9,unrounded
oa9,diphthong
oa9~,nasalized
oa9~,pharyngealized
oa9~,mid
oa9~,back
oa9~,rounded
oa9~,to
oa9~,low
oa9~,central
oa9~,unrounded
oa9~,diphthong
oe,mid
oe,back
oe,rounded
oe,to
oe,mid
oe,front
oe,unrounded
oe,diphthong
Oh,breathy
Oh,voiced
Oh,lower-mid
Oh,back
Oh,rounded
Oh,vowel
oh,breathy
oh,voiced
oh,higher
oh,mid
oh,back
oh,rounded
oh,vowel
Oi,lower
Oi,mid
Oi,back
Oi,rounded
Oi,to
Oi,high
Oi,front
Oi,unrounded
Oi,diphthong
oi,mid
oi,back
oi,rounded
oi,to
oi,high
oi,front
oi,unrounded
oi,diphthong
oi~,nasalized
oi~,mid
oi~,back
oi~,rounded
oi~,to
oi~,high
oi~,front
oi~,unrounded
oi~,diphthong
Oi~,nasalized
Oi~,lower
Oi~,mid
Oi~,back
Oi~,rounded
Oi~,to
Oi~,high
Oi~,front
Oi~,unrounded
Oi~,diphthong
oi9,pharyngealized
oi9,mid
oi9,back
oi9,rounded
oi9,to
oi9,high
oi9,front
oi9,unrounded
oi9,diphthong
oi9~,nasalized
oi9~,pharyngealized
oi9~,mid
oi9~,back
oi9~,rounded
oi9~,to
oi9~,high
oi9~,front
oi9~,unrounded
oi9~,diphthong
Oih,breathy
Oih,voiced
Oih,lower
Oih,mid
Oih,back
Oih,rounded
Oih,to
Oih,high
Oih,front
Oih,unrounded
Oih,diphthong
oih,breathy
oih,voiced
oih,higher
oih,mid
oih,back
oih,rounded
oih,to
oih,high
oih,front
oih,unrounded
oih,diphthong
OS,overshort
OS,lower
OS,mid
OS,back
OS,rounded
OS,vowel
oS,higher
oS,mid
oS,back
oS,rounded
oS,vowel
ou,mid
ou,back
ou,rounded
ou,to
ou,high
ou,back
ou,rounded
ou,diphthong
ou~,nasalized
ou~,mid
ou~,back
ou~,rounded
ou~,to
ou~,high
ou~,back
ou~,rounded
ou~,diphthong
Oy,lower
Oy,mid
Oy,back
Oy,rounded
Oy,to
Oy,high
Oy,front
Oy,rounded
Oy,diphthong
p,voiceless
p,bilabial
p,plosive
P,voiceless
P,bilabial
P,fricative
p:,long
p:,voiceless
p:,bilabial
p:,plosive
p*,laryngealized
p*,voiceless
p*,bilabial
p*,plosive
P&,voiceless
P&,bilabial
P&,ejective
P&,fricative
p&,voiceless
p&,bilabial
p&,ejective
p&,stop
p<,voiceless
p<,bilabial
p<,implosive
PA,voiceless
PA,bilabial
PA,approximant
pf,voiceless
pf,labio-dental
pf,affricate
pf&,voiceless
pf&,labiodental
pf&,ejective
pf&,affricate
pfh,voiceless
pfh,aspirated
pfh,labio-dental
pfh,affricate
ph,voiceless
ph,aspirated
ph,bilabial
ph,plosive
phh,voiceless
phh,bilabial
phh,plosive
phh,with
phh,breathy
phh,release
PJ,palatalized
PJ,voiceless
PJ,bilabial
PJ,fricative
pJ,palatalized
pJ,voiceless
pJ,bilabial
pJ,plosive
pJh,palatalized
pJh,voiceless
pJh,aspirated
pJh,bilabial
pJh,plosive
PW,labialized
PW,voiceless
PW,bilabial
PW,fricative
pW,labialized
pW,voiceless
pW,bilabial
pW,plosive
PW-,labialized
PW-,velarized
PW-,voiceless
PW-,bilabial
PW-,fricative
pW-h,labialized
pW-h,velarized
pW-h,voiceless
pW-h,aspirated
pW-h,bilabial
pW-h,plosive
q,voiceless
q,uvular
q,plosive
q:,long
q:,voiceless
q:,uvular
q:,plosive
q*,laryngealized
q*,voiceless
q*,uvular
q*,plosive
q&,voiceless
q&,uvular
q&,ejective
q&,stop
q<,voiceless
q<,uvular
q<,implosive
q9&,pharyngealized
q9&,voiceless
q9&,uvular
q9&,ejective
q9&,stop
q9h,pharyngealized
q9h,voiceless
q9h,aspirated
q9h,uvular
q9h,plosive
qh,voiceless
qh,aspirated
qh,uvular
qh,plosive
qW,labialized
qW,voiceless
qW,uvular
qW,plosive
qW:,long
qW:,labialized
qW:,voiceless
qW:,uvular
qW:,plosive
qW*,laryngealized
qW*,labialized
qW*,voiceless
qW*,uvular
qW*,plosive
qW&,labialized
qW&,voiceless
qW&,uvular
qW&,ejective
qW&,stop
qW9&,labialized
qW9&,pharyngealized
qW9&,voiceless
qW9&,uvular
qW9&,ejective
qW9&,stop
qW9h,labialized
qW9h,pharyngealized
qW9h,voiceless
qW9h,aspirated
qW9h,uvular
qW9h,plosive
qWh,labialized
qWh,voiceless
qWh,aspirated
qWh,uvular
qWh,plosive
qX,voiceless
qX,uvular
qX,affricate
qX:,long
qX:,voiceless
qX:,uvular
qX:,affricate
qX&,voiceless
qX&,uvular
qX&,ejective
qX&,affricate
qX&:,long
qX&:,voiceless
qX&:,uvular
qX&:,ejective
qX&:,affricate
qX9,pharyngealized
qX9,voiceless
qX9,uvular
qX9,affricate
qX9&,pharyngealized
qX9&,voiceless
qX9&,uvular
qX9&,ejective
qX9&,affricate
qX9&:,long
qX9&:,pharyngealized
qX9&:,voiceless
qX9&:,uvular
qX9&:,ejective
qX9&:,affricate
qXW,labialized
qXW,voiceless
qXW,uvular
qXW,affricate
qXW&,labialized
qXW&,voiceless
qXW&,uvular
qXW&,ejective
qXW&,affricate
qXW9,labialized
qXW9,pharyngealized
qXW9,voiceless
qXW9,uvular
qXW9,affricate
qXW9&,labialized
qXW9&,pharyngealized
qXW9&,voiceless
qXW9&,uvular
qXW9&,ejective
qXW9&,affricate
R,voiced
R,uvular
R,trill
r,voiced
r,alveolar
r,trill
r_[,voiced
r_[,palato-alveolar
r_[,flap
r.,voiced
r.,retroflex
r.,trill
r.[,voiced
r.[,retroflex
r.[,flap
r.[~,nasalized
r.[~,voiced
r.[~,retroflex
r.[~,flap
r.A,voiced
r.A,retroflex
r.A,approximant
r[,voiced
r[,alveolar
r[,flap
r[-,velarized
r[-,voiced
r[-,alveolar
r[-,flap
r[*,glottalized
r[*,voiced
r[*,alveolar
r[*,flap
r[F,voiced
r[F,alveolar
r[F,fricative
r[F,flap
r[J,palatalized
r[J,voiced
r[J,alveolar
r[J,flap
RA,voiced
RA,uvular
RA,approximant
rA,voiced
rA,alveolar
rA,approximant
RAW,labialized
RAW,voiced
RAW,uvular
RAW,approximant
RAW*,laryngealized
RAW*,labialized
RAW*,voiced
RAW*,uvular
RAW*,approximant
rD,voiced
rD,dental
rD,trill
rD[,voiced
rD[,dental
rD[,flap
rDJ,palatalized
rDJ,voiced
rDJ,dental
rDJ,trill
rDT,voiced
rDT,dental
rDT,tap
rDT*,laryngealized
rDT*,voiced
rDT*,dental
rDT*,tap
RF,voiced
RF,uvular
RF,fricative
RF9,pharyngealized
RF9,voiced
RF9,uvular
RF9,fricative
RFW,voiced
RFW,uvular
RFW,fricative
RFW9,labialized
RFW9,pharyngealized
RFW9,voiced
RFW9,uvular
RFW9,fricative
rJ,palatalized
rJ,voiced
rJ,alveolar
rJ,trill
rj,voiced
rj,palatal
rj,trill
rr,voiced
rr,alveolar
rr,r-sound
rrD,voiced
rrD,dental
rrD,r-sound
rrJ,palatalized
rrJ,voiced
rrJ,alveolar
rrJ,r-sound
rT,voiced
rT,alveolar
rT,tap
S,voiceless
S,palato-alveolar
S,sibilant
S,fricative
s,voiceless
s,alveolar
s,sibilant
s,fricative
S-,velarized
S-,voiceless
S-,palato-alveolar
S-,sibilant
S-,fricative
S:,long
S:,voiceless
S:,palato-alveolar
S:,sibilant
S:,fricative
s:,long
s:,voiceless
s:,alveolar
s:,sibilant
s:,fricative
s.,voiceless
s.,retroflex
s.,sibilant
s.,fricative
s.&,voiceless
s.&,retroflex
s.&,sibilant
s.&,ejective
s.&,fricative
s*,laryngealized
s*,voiceless
s*,alveolar
s*,sibilant
s*,fricative
S&,voiceless
S&,palato-alveolar
S&,sibilant
S&,ejective
S&,fricative
s&,voiceless
s&,alveolar
s&,sibilant
s&,ejective
s&,fricative
s9,pharyngealized
s9,voiceless
s9,alveolar
s9,sibilant
s9,fricative
sD,voiceless
sD,dental
sD,sibilant
sD,fricative
sD*,laryngealized
sD*,voiceless
sD*,dental
sD*,sibilant
sD*,fricative
sD&,voiceless
sD&,dental
sD&,sibilant
sD&,ejective
sD&,fricative
sD9,pharyngealized
sD9,voiceless
sD9,dental
sD9,sibilant
sD9,fricative
sDJ,palatalized
sDJ,voiceless
sDJ,dental
sDJ,sibilant
sDJ,fricative
SJ,palatalized
SJ,voiceless
SJ,palato-alveolar
SJ,sibilant
SJ,fricative
sJ,palatalized
sJ,voiceless
sJ,alveolar
sJ,sibilant
sJ,fricative
SW,labialized
SW,voiceless
SW,palato-alveolar
SW,sibilant
SW,fricative
SW:,long
SW:,labialized
SW:,voiceless
SW:,palato-alveolar
SW:,sibilant
SW:,fricative
t,voiceless
t,alveolar
t,plosive
t_,voiceless
t_,palato-alveolar
t_,plosive
t_h,voiceless
t_h,aspirated
t_h,palato-alveolar
t_h,plosive
t-,velarized
t-,voiceless
t-,alveolar
t-,plosive
t:,long
t:,voiceless
t:,alveolar
t:,plosive
t.,voiceless
t.,retroflex
t.,plosive
t.*,laryngealized
t.*,voiceless
t.*,retroflex
t.*,plosive
t.0,voiceless
t.0,retroflex
t.0,affricate
t.h,voiceless
t.h,aspirated
t.h,retroflex
t.h,plosive
t.r,voiceless
t.r,retroflex
t.r,affricated
t.r,trill
t.s,voiceless
t.s,retroflex
t.s,sibilant
t.s,affricate
t.s&,voiceless
t.s&,retroflex
t.s&,sibilant
t.s&,ejective
t.s&,affricate
t.sh,voiceless
t.sh,aspirated
t.sh,retroflex
t.sh,sibilant
t.sh,affricate
t&,voiceless
t&,alveolar
t&,ejective
t&,stop
t<,voiceless
t<,alveolar
t<,implosive
t0,voiceless
t0,alveolar
t0,affricate
t0h,voiceless
t0h,aspirated
t0h,alveolar
t0h,affricate
tD,voiceless
tD,dental
tD,plosive
tD*,laryngealized
tD*,voiceless
tD*,dental
tD*,plosive
tD&,voiceless
tD&,dental
tD&,ejective
tD&,stop
tD0,voiceless
tD0,dental
tD0,affricate
tD0&,voiceless
tD0&,dental
tD0&,ejective
tD0&,affricate
tD0h,voiceless
tD0h,aspirated
tD0h,dental
tD0h,affricate
tD9,pharyngealized
tD9,voiceless
tD9,dental
tD9,plosive
tDh,voiceless
tDh,aspirated
tDh,dental
tDh,plosive
tDhh,voiceless
tDhh,dental
tDhh,plosive
tDhh,with
tDhh,breathy
tDhh,release
tDJ,palatalized
tDJ,voiceless
tDJ,dental
tDJ,plosive
tDs,voiceless
tDs,dental
tDs,sibilant
tDs,affricate
tDs&,voiceless
tDs&,dental
tDs&,sibilant
tDs&,ejective
tDs&,affricate
tDsh,voiceless
tDsh,aspirated
tDsh,dental
tDsh,sibilant
tDsh,affricate
tDsJ,voiceless
tDsJ,palatalized
tDsJ,dental
tDsJ,sibilant
tDsJ,affricate
th,voiceless
th,aspirated
th,alveolar
th,plosive
thh,voiceless
thh,alveolar
thh,plosive
thh,with
thh,breathy
thh,release
tJ,palatalized
tJ,voiceless
tJ,alveolar
tJ,plosive
tlF,voiceless
tlF,alveolar
tlF,lateral
tlF,affricate
tlF&,voiceless
tlF&,alveolar
tlF&,lateral
tlF&,ejective
tlF&,affricate
tlFh,voiceless
tlFh,aspirated
tlFh,alveolar
tlFh,lateral
tlFh,affricate
tS,voiceless
tS,palato-alveolar
tS,sibilant
tS,affricate
ts,voiceless
ts,alveolar
ts,sibilant
ts,affricate
ts-,velarized
ts-,voiceless
ts-,alveolar
ts-,sibilant
ts-,affricate
tS-,velarized
tS-,voiceless
tS-,palato-alveolar
tS-,sibilant
tS-,affricate
tS:,long
tS:,voiceless
tS:,palato-alveolar
tS:,sibilant
tS:,affricate
ts*,laryngealized
ts*,voiceless
ts*,alveolar
ts*,sibilant
ts*,affricate
tS*,laryngealized
tS*,voiceless
tS*,palato-alveolar
tS*,sibilant
tS*,affricate
tS&,voiceless
tS&,palato-alveolar
tS&,sibilant
tS&,ejective
tS&,affricate
ts&,voiceless
ts&,alveolar
ts&,sibilant
ts&,ejective
ts&,affricate
tS&:,long
tS&:,voiceless
tS&:,palatal-alveolar
tS&:,sibilant
tS&:,ejective
tS&:,affricate
tSh,voiceless
tSh,aspirated
tSh,palato-alveolar
tSh,sibilant
tSh,affricate
tsh,voiceless
tsh,aspirated
tsh,alveolar
tsh,sibilant
tsh,affricate
tshh,voiceless
tshh,aspirated
tshh,alveolar
tshh,sibilant
tshh,affricate
tshh,with
tshh,breathy
tshh,release
tSJ,palatalized
tSJ,voiceless
tSJ,palato-alveolar
tSJ,sibilant
tSJ,affricate
tSJh,palatalized
tSJh,voiceless
tSJh,aspirated
tSJh,palato-alveolar
tSJh,sibilant
tSJh,affricate
tSW,labialized
tSW,voiceless
tSW,palato-alveolar
tSW,sibilant
tSW,affricate
tSW:,long
tSW:,labialized
tSW:,voiceless
tSW:,palato-alveolar
tSW:,sibilant
tSW:,affricate
tSW&,labialized
tSW&,voiceless
tSW&,palato-alveolar
tSW&,sibilant
tSW&,ejective
tSW&,affricate
tSWh,labialized
tSWh,voiceless
tSWh,aspirated
tSWh,palato-alveolar
tSWh,sibilant
tSWh,affricate
U,lowered
U,high
U,back
U,rounded
U,vowel
u,high
u,back
u,rounded
u,vowel
U:,long
U:,lowered
U:,high
U:,back
U:,rounded
U:,vowel
u:,long
u:,high
u:,back
u:,rounded
u:,vowel
u@,high
u@,back
u@,rounded
u@,to
u@,mid
u@,central
u@,unrounded
u@,diphthong
u@h,breathy
u@h,voiced
u@h,high
u@h,back
u@h,rounded
u@h,to
u@h,mid
u@h,central
u@h,unrounded
u@h,diphthong
u*,laryngealized
u*,high
u*,back
u*,rounded
u*,vowel
u^,high
u^,back
u^,rounded
u^,to
u^,lower
u^,mid
u^,back
u^,unrounded
u^,diphthong
u+,high
u+,central
u+,rounded
u+,vowel
U+,lowered
U+,high
U+,central
U+,rounded
U+,vowel
u+:,long
u+:,high
u+:,central
u+:,rounded
u+:,vowel
u+S,overshort
u+S,high
u+S,central
u+S,rounded
u+S,vowel
U~,nasalized
U~,lowered
U~,high
U~,back
U~,rounded
U~,vowel
u~,nasalized
u~,high
u~,back
u~,rounded
u~,vowel
u~:,long
u~:,nasalized
u~:,high
u~:,back
u~:,rounded
u~:,vowel
U9,pharyngealized
U9,lowered
U9,high
U9,back
U9,rounded
U9,vowel
u9,pharyngealized
u9,high
u9,back
u9,rounded
u9,vowel
u9:,long
u9:,pharyngealized
u9:,high
u9:,back
u9:,rounded
u9:,vowel
ua,high
ua,back
ua,rounded
ua,to
ua,low
ua,central
ua,unrounded
ua,diphthong
uah,breathy
uah,voiced
uah,high
uah,back
uah,rounded
uah,to
uah,low
uah,central
uah,unrounded
uah,diphthong
uF,fricative
uF,high
uF,back
uF,rounded
uF,vowel
uh,breathy
uh,voiced
uh,high
uh,back
uh,rounded
uh,vowel
ui,high
ui,back
ui,rounded
ui,to
ui,high
ui,front
ui,unrounded
ui,diphthong
Ui,lowered
Ui,high
Ui,back
Ui,rounded
Ui,to
Ui,high
Ui,front
Ui,unrounded
Ui,diphthong
ui~,nasalized
ui~,high
ui~,back
ui~,rounded
ui~,to
ui~,high
ui~,front
ui~,unrounded
ui~,diphthong
uih,breathy
uih,voiced
uih,high
uih,back
uih,rounded
uih,to
uih,high
uih,front
uih,unrounded
uih,diphthong
uo,high
uo,back
uo,rounded
uo,to
uo,mid
uo,back
uo,rounded
uo,diphthong
uS,overshort
uS,high
uS,back
uS,rounded
uS,vowel
US,overshort
US,lowered
US,high
US,back
US,rounded
US,vowel
uu,high
uu,back
uu,unrounded
uu,vowel
UU,lowered
UU,high
UU,back
UU,unrounded
UU,vowel
uu:,long
uu:,high
uu:,back
uu:,unrounded
uu:,vowel
uu@,high
uu@,back
uu@,unrounded
uu@,to
uu@,mid
uu@,central
uu@,unrounded
uu@,diphthong
uu@h,breathy
uu@h,voiced
uu@h,high
uu@h,back
uu@h,unrounded
uu@h,to
uu@h,mid
uu@h,central
uu@h,unrounded
uu@h,diphthong
uu^,high
uu^,back
uu^,unrounded
uu^,to
uu^,lower
uu^,mid
uu^,back
uu^,unrounded
uu^,diphthong
uu~,nasalized
uu~,high
uu~,back
uu~,unrounded
uu~,vowel
uua,high
uua,back
uua,unrounded
uua,to
uua,low
uua,central
uua,unrounded
uua,diphthong
uuF,fricative
uuF,high
uuF,back
uuF,unrounded
uuF,lip-compressed
uuF,vowel
uuh,breathy
uuh,voiced
uuh,high
uuh,back
uuh,unrounded
uuh,vowel
uui,high
uui,back
uui,unrounded
uui,to
uui,high
uui,front
uui,unrounded
uui,diphthong
uuih,breathy
uuih,voiced
uuih,high
uuih,back
uuih,unrounded
uuih,to
uuih,high
uuih,front
uuih,unrounded
uuih,diphthong
UUS,overshort
UUS,lowered
UUS,high
UUS,back
UUS,unrounded
UUS,vowel
v,voiced
v,labio-dental
v,fricative
v[,voiced
v[,labio-dental
v[,flap
vA,voiced
vA,labio-dental
vA,approximant
vh,breathy
vh,voiced
vh,labiodental
vh,fricative
vJ,palatalized
vJ,voiced
vJ,labio-dental
vJ,fricative
vW,labialized
vW,voiced
vW,labiodental
vW,fricative
w,voiced
w,labial-velar
w,approximant
w*,laryngealized
w*,voiced
w*,labial-velar
w*,approximant
w~,nasalized
w~,voiced
w~,labial-velar
w~,approximant
wj,voiced
wj,labial-palatal
wj,approximant
X,voiceless
X,uvular
X,fricative
x,voiceless
x,velar
x,fricative
x:,long
x:,voiceless
x:,velar
x:,fricative
X:,long
X:,voiceless
X:,uvular
X:,fricative
x&,voiceless
x&,velar
x&,ejective
x&,fricative
X&,voiceless
X&,uvular
X&,ejective
X&,fricative
X9,pharyngealized
X9,voiceless
X9,uvular
X9,fricative
X9:,long
X9:,pharyngealized
X9:,voiceless
X9:,uvular
X9:,fricative
xJ,palatalized
xJ,voiceless
xJ,velar
xJ,fricative
xW,labialized
xW,voiceless
xW,velar
xW,fricative
XW,labialized
XW,voiceless
XW,uvular
XW,fricative
xW:,long
xW:,labialized
xW:,voiceless
xW:,velar
xW:,fricative
XW:,long
XW:,labialized
XW:,voiceless
XW:,uvular
XW:,fricative
XW&,labialized
XW&,voiceless
XW&,uvular
XW&,ejective
XW&,fricative
xW&,labialized
xW&,voiceless
xW&,velar
xW&,ejective
xW&,fricative
XW9,labialized
XW9,pharyngealized
XW9,voiceless
XW9,uvular
XW9,fricative
XW9:,long
XW9:,labialized
XW9:,pharyngealized
XW9:,voiceless
XW9:,uvular
XW9:,fricative
y,high
y,front
y,rounded
y,vowel
Y,lowered
Y,high
Y,front
Y,rounded
Y,vowel
y:,long
y:,high
y:,front
y:,rounded
y:,vowel
y~,nasalized
y~,high
y~,front
y~,rounded
y~,vowel
yo/,high
yo/,front
yo/,rounded
yo/,to
yo/,mid
yo/,front
yo/,rounded
yo/,diphthong
Z,voiced
Z,palato-alveolar
Z,sibilant
Z,fricative
z,voiced
z,alveolar
z,sibilant
z,fricative
Z-,velarized
Z-,voiced
Z-,palato-alveolar
Z-,sibilant
Z-,fricative
z.,voiced
z.,retroflex
z.,sibilant
z.,fricative
z.*,laryngealized
z.*,voiced
z.*,retroflex
z.*,sibilant
z.*,fricative
z$,voiced
z$,palatal
z$,sibilant
z$,fricative
zD,voiced
zD,dental
zD,sibilant
zD,fricative
zD9,pharyngealized
zD9,voiced
zD9,dental
zD9,sibilant
zD9,fricative
zDJ,palatalized
zDJ,voiced
zDJ,sibilant
zDJ,dental
zDJ,fricative
Zh,breathy
Zh,voiced
Zh,palato-alveolar
Zh,sibilant
Zh,fricative
ZJ,palatalized
ZJ,voiced
ZJ,palato-alveolar
ZJ,sibilant
ZJ,fricative
ZW,labialized
ZW,voiced
ZW,palatal-alveolar
ZW,sibilant
ZW,fricative
